FULL_DATE,DATE,DAY,MONTH,YEAR,HOUR,WEEKDAY,WEEKEND,O3,NO2,NOX,PM10,PM10_Q,QUALITY,RANGE
2022-01-01 00:00:00,01/01/2022,1,1,2022,0,6,Weekend,15,35,88,212,Extremandamente desfavorable,BAD,19-5
2022-01-01 01:00:00,01/01/2022,1,1,2022,1,6,Weekend,7,31,78,168,Extremandamente desfavorable,BAD,19-5
2022-01-01 02:00:00,01/01/2022,1,1,2022,2,6,Weekend,5,29,85,156,Extremandamente desfavorable,BAD,19-5
2022-01-01 03:00:00,01/01/2022,1,1,2022,3,6,Weekend,2,26,63,128,Muy desfavorable,BAD,19-5
2022-01-01 04:00:00,01/01/2022,1,1,2022,4,6,Weekend,2,23,54,112,Muy desfavorable,BAD,19-5
2022-01-01 05:00:00,01/01/2022,1,1,2022,5,6,Weekend,2,20,42,108,Muy desfavorable,BAD,19-5
2022-01-01 06:00:00,01/01/2022,1,1,2022,6,6,Weekend,2,19,56,110,Muy desfavorable,BAD,6-18
2022-01-01 07:00:00,01/01/2022,1,1,2022,7,6,Weekend,2,18,54,127,Muy desfavorable,BAD,6-18
2022-01-01 08:00:00,01/01/2022,1,1,2022,8,6,Weekend,2,18,50,102,Muy desfavorable,BAD,6-18
2022-01-01 09:00:00,01/01/2022,1,1,2022,9,6,Weekend,2,17,42,80,Desfavorable,BAD,6-18
2022-01-01 10:00:00,01/01/2022,1,1,2022,10,6,Weekend,2,17,42,67,Desfavorable,BAD,6-18
2022-01-01 11:00:00,01/01/2022,1,1,2022,11,6,Weekend,3,17,35,56,Desfavorable,BAD,6-18
2022-01-01 12:00:00,01/01/2022,1,1,2022,12,6,Weekend,15,18,32,44,Regular,GOOD,6-18
2022-01-01 13:00:00,01/01/2022,1,1,2022,13,6,Weekend,31,16,27,34,Razonablemente buena,GOOD,6-18
2022-01-01 14:00:00,01/01/2022,1,1,2022,14,6,Weekend,45,15,26,33,Razonablemente buena,GOOD,6-18
2022-01-01 15:00:00,01/01/2022,1,1,2022,15,6,Weekend,62,15,25,39,Razonablemente buena,GOOD,6-18
2022-01-01 16:00:00,01/01/2022,1,1,2022,16,6,Weekend,63,15,24,35,Razonablemente buena,GOOD,6-18
2022-01-01 17:00:00,01/01/2022,1,1,2022,17,6,Weekend,54,18,27,32,Razonablemente buena,GOOD,6-18
2022-01-01 18:00:00,01/01/2022,1,1,2022,18,6,Weekend,41,24,33,31,Razonablemente buena,GOOD,6-18
2022-01-01 19:00:00,01/01/2022,1,1,2022,19,6,Weekend,26,23,32,42,Regular,GOOD,19-5
2022-01-01 20:00:00,01/01/2022,1,1,2022,20,6,Weekend,8,27,39,79,Desfavorable,BAD,19-5
2022-01-01 21:00:00,01/01/2022,1,1,2022,21,6,Weekend,3,35,66,97,Desfavorable,BAD,19-5
2022-01-01 22:00:00,01/01/2022,1,1,2022,22,6,Weekend,2,38,72,115,Muy desfavorable,BAD,19-5
2022-01-01 23:00:00,01/01/2022,1,1,2022,23,6,Weekend,2,27,45,106,Muy desfavorable,BAD,19-5
2022-01-02 00:00:00,02/01/2022,2,1,2022,0,7,Weekend,2,22,37,87,Desfavorable,BAD,19-5
2022-01-02 01:00:00,02/01/2022,2,1,2022,1,7,Weekend,2,19,32,73,Desfavorable,BAD,19-5
2022-01-02 02:00:00,02/01/2022,2,1,2022,2,7,Weekend,2,20,35,56,Desfavorable,BAD,19-5
2022-01-02 03:00:00,02/01/2022,2,1,2022,3,7,Weekend,2,17,28,51,Desfavorable,BAD,19-5
2022-01-02 04:00:00,02/01/2022,2,1,2022,4,7,Weekend,2,18,27,45,Regular,GOOD,19-5
2022-01-02 05:00:00,02/01/2022,2,1,2022,5,7,Weekend,2,15,23,44,Regular,GOOD,19-5
2022-01-02 06:00:00,02/01/2022,2,1,2022,6,7,Weekend,2,14,24,35,Razonablemente buena,GOOD,6-18
2022-01-02 07:00:00,02/01/2022,2,1,2022,7,7,Weekend,2,14,27,37,Razonablemente buena,GOOD,6-18
2022-01-02 08:00:00,02/01/2022,2,1,2022,8,7,Weekend,2,15,33,37,Razonablemente buena,GOOD,6-18
2022-01-02 09:00:00,02/01/2022,2,1,2022,9,7,Weekend,2,16,36,37,Razonablemente buena,GOOD,6-18
2022-01-02 10:00:00,02/01/2022,2,1,2022,10,7,Weekend,2,19,52,39,Razonablemente buena,GOOD,6-18
2022-01-02 11:00:00,02/01/2022,2,1,2022,11,7,Weekend,3,20,48,32,Razonablemente buena,GOOD,6-18
2022-01-02 12:00:00,02/01/2022,2,1,2022,12,7,Weekend,13,22,45,27,Razonablemente buena,GOOD,6-18
2022-01-02 13:00:00,02/01/2022,2,1,2022,13,7,Weekend,25,20,37,26,Razonablemente buena,GOOD,6-18
2022-01-02 14:00:00,02/01/2022,2,1,2022,14,7,Weekend,39,18,32,25,Razonablemente buena,GOOD,6-18
2022-01-02 15:00:00,02/01/2022,2,1,2022,15,7,Weekend,50,17,28,23,Razonablemente buena,GOOD,6-18
2022-01-02 16:00:00,02/01/2022,2,1,2022,16,7,Weekend,56,17,27,24,Razonablemente buena,GOOD,6-18
2022-01-02 17:00:00,02/01/2022,2,1,2022,17,7,Weekend,43,20,31,25,Razonablemente buena,GOOD,6-18
2022-01-02 18:00:00,02/01/2022,2,1,2022,18,7,Weekend,9,36,59,27,Razonablemente buena,GOOD,6-18
2022-01-02 19:00:00,02/01/2022,2,1,2022,19,7,Weekend,7,32,57,40,Razonablemente buena,GOOD,19-5
2022-01-02 20:00:00,02/01/2022,2,1,2022,20,7,Weekend,8,28,47,51,Desfavorable,BAD,19-5
2022-01-02 21:00:00,02/01/2022,2,1,2022,21,7,Weekend,5,29,49,55,Desfavorable,BAD,19-5
2022-01-02 22:00:00,02/01/2022,2,1,2022,22,7,Weekend,2,25,47,64,Desfavorable,BAD,19-5
2022-01-02 23:00:00,02/01/2022,2,1,2022,23,7,Weekend,2,26,49,67,Desfavorable,BAD,19-5
2022-01-03 00:00:00,03/01/2022,3,1,2022,0,1,Weekday,2,23,55,75,Desfavorable,BAD,19-5
2022-01-03 01:00:00,03/01/2022,3,1,2022,1,1,Weekday,2,23,45,63,Desfavorable,BAD,19-5
2022-01-03 02:00:00,03/01/2022,3,1,2022,2,1,Weekday,2,21,40,58,Desfavorable,BAD,19-5
2022-01-03 03:00:00,03/01/2022,3,1,2022,3,1,Weekday,2,19,35,54,Desfavorable,BAD,19-5
2022-01-03 04:00:00,03/01/2022,3,1,2022,4,1,Weekday,2,17,31,47,Regular,GOOD,19-5
2022-01-03 05:00:00,03/01/2022,3,1,2022,5,1,Weekday,2,16,28,41,Regular,GOOD,19-5
2022-01-03 06:00:00,03/01/2022,3,1,2022,6,1,Weekday,2,16,33,37,Razonablemente buena,GOOD,6-18
2022-01-03 07:00:00,03/01/2022,3,1,2022,7,1,Weekday,2,20,60,38,Razonablemente buena,GOOD,6-18
2022-01-03 08:00:00,03/01/2022,3,1,2022,8,1,Weekday,2,22,92,38,Razonablemente buena,GOOD,6-18
2022-01-03 09:00:00,03/01/2022,3,1,2022,9,1,Weekday,2,25,121,39,Razonablemente buena,GOOD,6-18
2022-01-03 10:00:00,03/01/2022,3,1,2022,10,1,Weekday,2,25,126,39,Razonablemente buena,GOOD,6-18
2022-01-03 11:00:00,03/01/2022,3,1,2022,11,1,Weekday,2,26,98,31,Razonablemente buena,GOOD,6-18
2022-01-03 12:00:00,03/01/2022,3,1,2022,12,1,Weekday,7,22,56,25,Razonablemente buena,GOOD,6-18
2022-01-03 13:00:00,03/01/2022,3,1,2022,13,1,Weekday,16,23,48,26,Razonablemente buena,GOOD,6-18
2022-01-03 14:00:00,03/01/2022,3,1,2022,14,1,Weekday,27,20,37,23,Razonablemente buena,GOOD,6-18
2022-01-03 15:00:00,03/01/2022,3,1,2022,15,1,Weekday,34,20,36,22,Razonablemente buena,GOOD,6-18
2022-01-03 16:00:00,03/01/2022,3,1,2022,16,1,Weekday,44,19,32,24,Razonablemente buena,GOOD,6-18
2022-01-03 17:00:00,03/01/2022,3,1,2022,17,1,Weekday,39,25,38,25,Razonablemente buena,GOOD,6-18
2022-01-03 18:00:00,03/01/2022,3,1,2022,18,1,Weekday,10,45,111,28,Razonablemente buena,GOOD,6-18
2022-01-03 19:00:00,03/01/2022,3,1,2022,19,1,Weekday,2,52,175,33,Razonablemente buena,GOOD,19-5
2022-01-03 20:00:00,03/01/2022,3,1,2022,20,1,Weekday,2,36,73,44,Regular,GOOD,19-5
2022-01-03 21:00:00,03/01/2022,3,1,2022,21,1,Weekday,2,34,65,56,Desfavorable,BAD,19-5
2022-01-03 22:00:00,03/01/2022,3,1,2022,22,1,Weekday,2,30,63,65,Desfavorable,BAD,19-5
2022-01-03 23:00:00,03/01/2022,3,1,2022,23,1,Weekday,2,25,47,65,Desfavorable,BAD,19-5
2022-01-04 00:00:00,04/01/2022,4,1,2022,0,2,Weekday,2,23,41,64,Desfavorable,BAD,19-5
2022-01-04 01:00:00,04/01/2022,4,1,2022,1,2,Weekday,2,21,36,56,Desfavorable,BAD,19-5
2022-01-04 02:00:00,04/01/2022,4,1,2022,2,2,Weekday,2,19,32,48,Regular,GOOD,19-5
2022-01-04 03:00:00,04/01/2022,4,1,2022,3,2,Weekday,2,18,31,43,Regular,GOOD,19-5
2022-01-04 04:00:00,04/01/2022,4,1,2022,4,2,Weekday,2,18,29,39,Razonablemente buena,GOOD,19-5
2022-01-04 05:00:00,04/01/2022,4,1,2022,5,2,Weekday,2,18,30,35,Razonablemente buena,GOOD,19-5
2022-01-04 06:00:00,04/01/2022,4,1,2022,6,2,Weekday,2,19,39,28,Razonablemente buena,GOOD,6-18
2022-01-04 07:00:00,04/01/2022,4,1,2022,7,2,Weekday,2,21,55,29,Razonablemente buena,GOOD,6-18
2022-01-04 08:00:00,04/01/2022,4,1,2022,8,2,Weekday,2,24,86,32,Razonablemente buena,GOOD,6-18
2022-01-04 09:00:00,04/01/2022,4,1,2022,9,2,Weekday,2,25,99,37,Razonablemente buena,GOOD,6-18
2022-01-04 10:00:00,04/01/2022,4,1,2022,10,2,Weekday,2,26,92,32,Razonablemente buena,GOOD,6-18
2022-01-04 11:00:00,04/01/2022,4,1,2022,11,2,Weekday,4,28,84,30,Razonablemente buena,GOOD,6-18
2022-01-04 12:00:00,04/01/2022,4,1,2022,12,2,Weekday,9,28,73,29,Razonablemente buena,GOOD,6-18
2022-01-04 13:00:00,04/01/2022,4,1,2022,13,2,Weekday,22,22,50,24,Razonablemente buena,GOOD,6-18
2022-01-04 14:00:00,04/01/2022,4,1,2022,14,2,Weekday,33,21,42,24,Razonablemente buena,GOOD,6-18
2022-01-04 15:00:00,04/01/2022,4,1,2022,15,2,Weekday,46,20,35,23,Razonablemente buena,GOOD,6-18
2022-01-04 16:00:00,04/01/2022,4,1,2022,16,2,Weekday,40,22,38,21,Razonablemente buena,GOOD,6-18
2022-01-04 17:00:00,04/01/2022,4,1,2022,17,2,Weekday,38,23,41,30,Razonablemente buena,GOOD,6-18
2022-01-04 18:00:00,04/01/2022,4,1,2022,18,2,Weekday,35,22,39,36,Razonablemente buena,GOOD,6-18
2022-01-04 19:00:00,04/01/2022,4,1,2022,19,2,Weekday,18,30,53,44,Regular,GOOD,19-5
2022-01-04 20:00:00,04/01/2022,4,1,2022,20,2,Weekday,9,32,59,52,Desfavorable,BAD,19-5
2022-01-04 21:00:00,04/01/2022,4,1,2022,21,2,Weekday,3,34,65,48,Regular,GOOD,19-5
2022-01-04 22:00:00,04/01/2022,4,1,2022,22,2,Weekday,38,20,34,25,Razonablemente buena,GOOD,19-5
2022-01-04 23:00:00,04/01/2022,4,1,2022,23,2,Weekday,59,15,25,18,Buena,GOOD,19-5
2022-01-05 00:00:00,05/01/2022,5,1,2022,0,3,Weekday,80,12,19,16,Buena,GOOD,19-5
2022-01-05 01:00:00,05/01/2022,5,1,2022,1,3,Weekday,84,8,15,15,Buena,GOOD,19-5
2022-01-05 02:00:00,05/01/2022,5,1,2022,2,3,Weekday,83,8,14,14,Buena,GOOD,19-5
2022-01-05 03:00:00,05/01/2022,5,1,2022,3,3,Weekday,85,7,13,14,Buena,GOOD,19-5
2022-01-05 04:00:00,05/01/2022,5,1,2022,4,3,Weekday,85,6,12,14,Buena,GOOD,19-5
2022-01-05 05:00:00,05/01/2022,5,1,2022,5,3,Weekday,79,8,13,13,Buena,GOOD,19-5
2022-01-05 06:00:00,05/01/2022,5,1,2022,6,3,Weekday,68,11,18,11,Buena,GOOD,6-18
2022-01-05 07:00:00,05/01/2022,5,1,2022,7,3,Weekday,62,13,22,12,Buena,GOOD,6-18
2022-01-05 08:00:00,05/01/2022,5,1,2022,8,3,Weekday,37,24,39,13,Buena,GOOD,6-18
2022-01-05 09:00:00,05/01/2022,5,1,2022,9,3,Weekday,35,26,43,13,Buena,GOOD,6-18
2022-01-05 10:00:00,05/01/2022,5,1,2022,10,3,Weekday,36,25,42,13,Buena,GOOD,6-18
2022-01-05 11:00:00,05/01/2022,5,1,2022,11,3,Weekday,47,20,35,14,Buena,GOOD,6-18
2022-01-05 12:00:00,05/01/2022,5,1,2022,12,3,Weekday,63,14,27,13,Buena,GOOD,6-18
2022-01-05 13:00:00,05/01/2022,5,1,2022,13,3,Weekday,68,14,26,13,Buena,GOOD,6-18
2022-01-05 14:00:00,05/01/2022,5,1,2022,14,3,Weekday,66,14,27,13,Buena,GOOD,6-18
2022-01-05 15:00:00,05/01/2022,5,1,2022,15,3,Weekday,67,13,25,12,Buena,GOOD,6-18
2022-01-05 16:00:00,05/01/2022,5,1,2022,16,3,Weekday,66,13,25,13,Buena,GOOD,6-18
2022-01-05 17:00:00,05/01/2022,5,1,2022,17,3,Weekday,63,14,26,13,Buena,GOOD,6-18
2022-01-05 18:00:00,05/01/2022,5,1,2022,18,3,Weekday,57,17,30,12,Buena,GOOD,6-18
2022-01-05 19:00:00,05/01/2022,5,1,2022,19,3,Weekday,38,24,40,10,Buena,GOOD,19-5
2022-01-05 20:00:00,05/01/2022,5,1,2022,20,3,Weekday,24,31,52,13,Buena,GOOD,19-5
2022-01-05 21:00:00,05/01/2022,5,1,2022,21,3,Weekday,38,23,38,13,Buena,GOOD,19-5
2022-01-05 22:00:00,05/01/2022,5,1,2022,22,3,Weekday,36,26,39,12,Buena,GOOD,19-5
2022-01-05 23:00:00,05/01/2022,5,1,2022,23,3,Weekday,18,28,42,16,Buena,GOOD,19-5
2022-01-06 00:00:00,06/01/2022,6,1,2022,0,4,Weekday,15,27,42,17,Buena,GOOD,19-5
2022-01-06 01:00:00,06/01/2022,6,1,2022,1,4,Weekday,12,26,40,22,Razonablemente buena,GOOD,19-5
2022-01-06 02:00:00,06/01/2022,6,1,2022,2,4,Weekday,14,21,34,24,Razonablemente buena,GOOD,19-5
2022-01-06 03:00:00,06/01/2022,6,1,2022,3,4,Weekday,43,12,21,18,Buena,GOOD,19-5
2022-01-06 04:00:00,06/01/2022,6,1,2022,4,4,Weekday,46,10,17,19,Buena,GOOD,19-5
2022-01-06 05:00:00,06/01/2022,6,1,2022,5,4,Weekday,33,12,20,16,Buena,GOOD,19-5
2022-01-06 06:00:00,06/01/2022,6,1,2022,6,4,Weekday,23,12,20,15,Buena,GOOD,6-18
2022-01-06 07:00:00,06/01/2022,6,1,2022,7,4,Weekday,22,13,21,15,Buena,GOOD,6-18
2022-01-06 08:00:00,06/01/2022,6,1,2022,8,4,Weekday,10,16,27,16,Buena,GOOD,6-18
2022-01-06 09:00:00,06/01/2022,6,1,2022,9,4,Weekday,7,20,34,16,Buena,GOOD,6-18
2022-01-06 10:00:00,06/01/2022,6,1,2022,10,4,Weekday,9,22,44,17,Buena,GOOD,6-18
2022-01-06 11:00:00,06/01/2022,6,1,2022,11,4,Weekday,48,11,23,15,Buena,GOOD,6-18
2022-01-06 12:00:00,06/01/2022,6,1,2022,12,4,Weekday,59,10,19,14,Buena,GOOD,6-18
2022-01-06 13:00:00,06/01/2022,6,1,2022,13,4,Weekday,62,11,21,14,Buena,GOOD,6-18
2022-01-06 14:00:00,06/01/2022,6,1,2022,14,4,Weekday,64,11,22,14,Buena,GOOD,6-18
2022-01-06 15:00:00,06/01/2022,6,1,2022,15,4,Weekday,67,12,22,14,Buena,GOOD,6-18
2022-01-06 16:00:00,06/01/2022,6,1,2022,16,4,Weekday,75,9,18,14,Buena,GOOD,6-18
2022-01-06 17:00:00,06/01/2022,6,1,2022,17,4,Weekday,75,10,18,14,Buena,GOOD,6-18
2022-01-06 18:00:00,06/01/2022,6,1,2022,18,4,Weekday,80,10,18,13,Buena,GOOD,6-18
2022-01-06 19:00:00,06/01/2022,6,1,2022,19,4,Weekday,74,11,17,6,Buena,GOOD,19-5
2022-01-06 20:00:00,06/01/2022,6,1,2022,20,4,Weekday,69,11,18,6,Buena,GOOD,19-5
2022-01-06 21:00:00,06/01/2022,6,1,2022,21,4,Weekday,25,30,50,9,Buena,GOOD,19-5
2022-01-06 22:00:00,06/01/2022,6,1,2022,22,4,Weekday,9,35,65,14,Buena,GOOD,19-5
2022-01-06 23:00:00,06/01/2022,6,1,2022,23,4,Weekday,3,37,73,19,Buena,GOOD,19-5
2022-01-07 00:00:00,07/01/2022,7,1,2022,0,5,Weekday,9,23,39,26,Razonablemente buena,GOOD,19-5
2022-01-07 01:00:00,07/01/2022,7,1,2022,1,5,Weekday,8,21,34,28,Razonablemente buena,GOOD,19-5
2022-01-07 02:00:00,07/01/2022,7,1,2022,2,5,Weekday,13,17,28,27,Razonablemente buena,GOOD,19-5
2022-01-07 03:00:00,07/01/2022,7,1,2022,3,5,Weekday,19,13,21,24,Razonablemente buena,GOOD,19-5
2022-01-07 04:00:00,07/01/2022,7,1,2022,4,5,Weekday,24,11,18,21,Razonablemente buena,GOOD,19-5
2022-01-07 05:00:00,07/01/2022,7,1,2022,5,5,Weekday,21,11,18,19,Buena,GOOD,19-5
2022-01-07 06:00:00,07/01/2022,7,1,2022,6,5,Weekday,18,13,22,17,Buena,GOOD,6-18
2022-01-07 07:00:00,07/01/2022,7,1,2022,7,5,Weekday,10,15,29,18,Buena,GOOD,6-18
2022-01-07 08:00:00,07/01/2022,7,1,2022,8,5,Weekday,3,22,54,21,Razonablemente buena,GOOD,6-18
2022-01-07 09:00:00,07/01/2022,7,1,2022,9,5,Weekday,2,28,83,21,Razonablemente buena,GOOD,6-18
2022-01-07 10:00:00,07/01/2022,7,1,2022,10,5,Weekday,4,27,73,22,Razonablemente buena,GOOD,6-18
2022-01-07 11:00:00,07/01/2022,7,1,2022,11,5,Weekday,17,24,53,20,Buena,GOOD,6-18
2022-01-07 12:00:00,07/01/2022,7,1,2022,12,5,Weekday,50,14,26,17,Buena,GOOD,6-18
2022-01-07 13:00:00,07/01/2022,7,1,2022,13,5,Weekday,57,14,27,17,Buena,GOOD,6-18
2022-01-07 14:00:00,07/01/2022,7,1,2022,14,5,Weekday,59,15,28,17,Buena,GOOD,6-18
2022-01-07 15:00:00,07/01/2022,7,1,2022,15,5,Weekday,63,13,25,18,Buena,GOOD,6-18
2022-01-07 16:00:00,07/01/2022,7,1,2022,16,5,Weekday,61,15,28,18,Buena,GOOD,6-18
2022-01-07 17:00:00,07/01/2022,7,1,2022,17,5,Weekday,57,16,29,17,Buena,GOOD,6-18
2022-01-07 18:00:00,07/01/2022,7,1,2022,18,5,Weekday,31,28,45,16,Buena,GOOD,6-18
2022-01-07 19:00:00,07/01/2022,7,1,2022,19,5,Weekday,25,26,43,11,Buena,GOOD,19-5
2022-01-07 20:00:00,07/01/2022,7,1,2022,20,5,Weekday,33,21,31,13,Buena,GOOD,19-5
2022-01-07 21:00:00,07/01/2022,7,1,2022,21,5,Weekday,17,29,44,17,Buena,GOOD,19-5
2022-01-07 22:00:00,07/01/2022,7,1,2022,22,5,Weekday,2,33,59,26,Razonablemente buena,GOOD,19-5
2022-01-07 23:00:00,07/01/2022,7,1,2022,23,5,Weekday,7,39,119,49,Regular,GOOD,19-5
2022-01-08 00:00:00,08/01/2022,8,1,2022,0,6,Weekend,7,37,117,75,Desfavorable,BAD,19-5
2022-01-08 01:00:00,08/01/2022,8,1,2022,1,6,Weekend,9,26,60,52,Desfavorable,BAD,19-5
2022-01-08 02:00:00,08/01/2022,8,1,2022,2,6,Weekend,14,21,33,32,Razonablemente buena,GOOD,19-5
2022-01-08 03:00:00,08/01/2022,8,1,2022,3,6,Weekend,26,17,26,25,Razonablemente buena,GOOD,19-5
2022-01-08 04:00:00,08/01/2022,8,1,2022,4,6,Weekend,33,15,23,24,Razonablemente buena,GOOD,19-5
2022-01-08 05:00:00,08/01/2022,8,1,2022,5,6,Weekend,50,10,17,20,Buena,GOOD,19-5
2022-01-08 06:00:00,08/01/2022,8,1,2022,6,6,Weekend,56,11,18,16,Buena,GOOD,6-18
2022-01-08 07:00:00,08/01/2022,8,1,2022,7,6,Weekend,33,16,26,18,Buena,GOOD,6-18
2022-01-08 08:00:00,08/01/2022,8,1,2022,8,6,Weekend,22,22,37,19,Buena,GOOD,6-18
2022-01-08 09:00:00,08/01/2022,8,1,2022,9,6,Weekend,33,20,32,19,Buena,GOOD,6-18
2022-01-08 10:00:00,08/01/2022,8,1,2022,10,6,Weekend,23,24,42,20,Buena,GOOD,6-18
2022-01-08 11:00:00,08/01/2022,8,1,2022,11,6,Weekend,45,17,32,20,Buena,GOOD,6-18
2022-01-08 12:00:00,08/01/2022,8,1,2022,12,6,Weekend,67,12,22,19,Buena,GOOD,6-18
2022-01-08 13:00:00,08/01/2022,8,1,2022,13,6,Weekend,70,13,23,19,Buena,GOOD,6-18
2022-01-08 14:00:00,08/01/2022,8,1,2022,14,6,Weekend,73,11,22,19,Buena,GOOD,6-18
2022-01-08 15:00:00,08/01/2022,8,1,2022,15,6,Weekend,67,14,25,19,Buena,GOOD,6-18
2022-01-08 16:00:00,08/01/2022,8,1,2022,16,6,Weekend,74,12,22,19,Buena,GOOD,6-18
2022-01-08 17:00:00,08/01/2022,8,1,2022,17,6,Weekend,63,15,24,19,Buena,GOOD,6-18
2022-01-08 18:00:00,08/01/2022,8,1,2022,18,6,Weekend,37,25,39,20,Buena,GOOD,6-18
2022-01-08 19:00:00,08/01/2022,8,1,2022,19,6,Weekend,6,39,80,26,Razonablemente buena,GOOD,19-5
2022-01-08 20:00:00,08/01/2022,8,1,2022,20,6,Weekend,8,33,57,32,Razonablemente buena,GOOD,19-5
2022-01-08 21:00:00,08/01/2022,8,1,2022,21,6,Weekend,9,30,52,36,Razonablemente buena,GOOD,19-5
2022-01-08 22:00:00,08/01/2022,8,1,2022,22,6,Weekend,4,30,58,46,Regular,GOOD,19-5
2022-01-08 23:00:00,08/01/2022,8,1,2022,23,6,Weekend,4,30,57,57,Desfavorable,BAD,19-5
2022-01-09 00:00:00,09/01/2022,9,1,2022,0,7,Weekend,5,25,46,53,Desfavorable,BAD,19-5
2022-01-09 01:00:00,09/01/2022,9,1,2022,1,7,Weekend,4,22,40,48,Regular,GOOD,19-5
2022-01-09 02:00:00,09/01/2022,9,1,2022,2,7,Weekend,6,19,33,40,Razonablemente buena,GOOD,19-5
2022-01-09 03:00:00,09/01/2022,9,1,2022,3,7,Weekend,6,18,32,37,Razonablemente buena,GOOD,19-5
2022-01-09 04:00:00,09/01/2022,9,1,2022,4,7,Weekend,13,14,23,32,Razonablemente buena,GOOD,19-5
2022-01-09 05:00:00,09/01/2022,9,1,2022,5,7,Weekend,29,12,20,26,Razonablemente buena,GOOD,19-5
2022-01-09 06:00:00,09/01/2022,9,1,2022,6,7,Weekend,43,11,18,19,Buena,GOOD,6-18
2022-01-09 07:00:00,09/01/2022,9,1,2022,7,7,Weekend,46,10,17,19,Buena,GOOD,6-18
2022-01-09 08:00:00,09/01/2022,9,1,2022,8,7,Weekend,34,14,23,19,Buena,GOOD,6-18
2022-01-09 09:00:00,09/01/2022,9,1,2022,9,7,Weekend,49,14,22,20,Buena,GOOD,6-18
2022-01-09 10:00:00,09/01/2022,9,1,2022,10,7,Weekend,53,15,24,20,Buena,GOOD,6-18
2022-01-09 11:00:00,09/01/2022,9,1,2022,11,7,Weekend,57,14,24,20,Buena,GOOD,6-18
2022-01-09 12:00:00,09/01/2022,9,1,2022,12,7,Weekend,56,15,25,21,Razonablemente buena,GOOD,6-18
2022-01-09 13:00:00,09/01/2022,9,1,2022,13,7,Weekend,51,18,31,23,Razonablemente buena,GOOD,6-18
2022-01-09 14:00:00,09/01/2022,9,1,2022,14,7,Weekend,42,21,36,25,Razonablemente buena,GOOD,6-18
2022-01-09 15:00:00,09/01/2022,9,1,2022,15,7,Weekend,58,18,32,23,Razonablemente buena,GOOD,6-18
2022-01-09 16:00:00,09/01/2022,9,1,2022,16,7,Weekend,70,12,21,20,Buena,GOOD,6-18
2022-01-09 17:00:00,09/01/2022,9,1,2022,17,7,Weekend,66,14,24,20,Buena,GOOD,6-18
2022-01-09 18:00:00,09/01/2022,9,1,2022,18,7,Weekend,65,16,25,18,Buena,GOOD,6-18
2022-01-09 19:00:00,09/01/2022,9,1,2022,19,7,Weekend,63,17,26,15,Buena,GOOD,19-5
2022-01-09 20:00:00,09/01/2022,9,1,2022,20,7,Weekend,53,17,26,16,Buena,GOOD,19-5
2022-01-09 21:00:00,09/01/2022,9,1,2022,21,7,Weekend,43,22,33,18,Buena,GOOD,19-5
2022-01-09 22:00:00,09/01/2022,9,1,2022,22,7,Weekend,52,15,24,17,Buena,GOOD,19-5
2022-01-09 23:00:00,09/01/2022,9,1,2022,23,7,Weekend,48,16,25,16,Buena,GOOD,19-5
2022-01-10 00:00:00,10/01/2022,10,1,2022,0,1,Weekday,66,9,16,14,Buena,GOOD,19-5
2022-01-10 01:00:00,10/01/2022,10,1,2022,1,1,Weekday,60,10,17,14,Buena,GOOD,19-5
2022-01-10 02:00:00,10/01/2022,10,1,2022,2,1,Weekday,67,8,15,14,Buena,GOOD,19-5
2022-01-10 03:00:00,10/01/2022,10,1,2022,3,1,Weekday,71,6,13,14,Buena,GOOD,19-5
2022-01-10 04:00:00,10/01/2022,10,1,2022,4,1,Weekday,67,6,12,12,Buena,GOOD,19-5
2022-01-10 05:00:00,10/01/2022,10,1,2022,5,1,Weekday,70,6,12,11,Buena,GOOD,19-5
2022-01-10 06:00:00,10/01/2022,10,1,2022,6,1,Weekday,56,8,15,9,Buena,GOOD,6-18
2022-01-10 07:00:00,10/01/2022,10,1,2022,7,1,Weekday,35,17,27,11,Buena,GOOD,6-18
2022-01-10 08:00:00,10/01/2022,10,1,2022,8,1,Weekday,19,25,40,11,Buena,GOOD,6-18
2022-01-10 09:00:00,10/01/2022,10,1,2022,9,1,Weekday,15,27,53,12,Buena,GOOD,6-18
2022-01-10 10:00:00,10/01/2022,10,1,2022,10,1,Weekday,17,24,44,12,Buena,GOOD,6-18
2022-01-10 11:00:00,10/01/2022,10,1,2022,11,1,Weekday,47,13,26,11,Buena,GOOD,6-18
2022-01-10 12:00:00,10/01/2022,10,1,2022,12,1,Weekday,50,13,25,11,Buena,GOOD,6-18
2022-01-10 13:00:00,10/01/2022,10,1,2022,13,1,Weekday,60,11,21,12,Buena,GOOD,6-18
2022-01-10 14:00:00,10/01/2022,10,1,2022,14,1,Weekday,59,10,19,13,Buena,GOOD,6-18
2022-01-10 15:00:00,10/01/2022,10,1,2022,15,1,Weekday,60,10,20,12,Buena,GOOD,6-18
2022-01-10 16:00:00,10/01/2022,10,1,2022,16,1,Weekday,55,12,24,12,Buena,GOOD,6-18
2022-01-10 17:00:00,10/01/2022,10,1,2022,17,1,Weekday,50,13,25,11,Buena,GOOD,6-18
2022-01-10 18:00:00,10/01/2022,10,1,2022,18,1,Weekday,41,17,28,13,Buena,GOOD,6-18
2022-01-10 19:00:00,10/01/2022,10,1,2022,19,1,Weekday,37,17,29,18,Buena,GOOD,19-5
2022-01-10 20:00:00,10/01/2022,10,1,2022,20,1,Weekday,32,17,29,18,Buena,GOOD,19-5
2022-01-10 21:00:00,10/01/2022,10,1,2022,21,1,Weekday,28,19,32,17,Buena,GOOD,19-5
2022-01-10 22:00:00,10/01/2022,10,1,2022,22,1,Weekday,30,17,30,16,Buena,GOOD,19-5
2022-01-10 23:00:00,10/01/2022,10,1,2022,23,1,Weekday,22,16,29,17,Buena,GOOD,19-5
2022-01-11 00:00:00,11/01/2022,11,1,2022,0,2,Weekday,10,22,36,18,Buena,GOOD,19-5
2022-01-11 01:00:00,11/01/2022,11,1,2022,1,2,Weekday,35,12,21,18,Buena,GOOD,19-5
2022-01-11 02:00:00,11/01/2022,11,1,2022,2,2,Weekday,48,8,14,24,Razonablemente buena,GOOD,19-5
2022-01-11 03:00:00,11/01/2022,11,1,2022,3,2,Weekday,46,7,14,32,Razonablemente buena,GOOD,19-5
2022-01-11 04:00:00,11/01/2022,11,1,2022,4,2,Weekday,24,10,17,34,Razonablemente buena,GOOD,19-5
2022-01-11 05:00:00,11/01/2022,11,1,2022,5,2,Weekday,7,14,24,33,Razonablemente buena,GOOD,19-5
2022-01-11 06:00:00,11/01/2022,11,1,2022,6,2,Weekday,8,14,25,31,Razonablemente buena,GOOD,6-18
2022-01-11 07:00:00,11/01/2022,11,1,2022,7,2,Weekday,6,16,31,44,Regular,GOOD,6-18
2022-01-11 08:00:00,11/01/2022,11,1,2022,8,2,Weekday,9,18,35,26,Razonablemente buena,GOOD,6-18
2022-01-11 09:00:00,11/01/2022,11,1,2022,9,2,Weekday,3,22,56,28,Razonablemente buena,GOOD,6-18
2022-01-11 10:00:00,11/01/2022,11,1,2022,10,2,Weekday,2,23,62,30,Razonablemente buena,GOOD,6-18
2022-01-11 11:00:00,11/01/2022,11,1,2022,11,2,Weekday,2,19,52,29,Razonablemente buena,GOOD,6-18
2022-01-11 12:00:00,11/01/2022,11,1,2022,12,2,Weekday,2,19,57,33,Razonablemente buena,GOOD,6-18
2022-01-11 13:00:00,11/01/2022,11,1,2022,13,2,Weekday,5,19,51,31,Razonablemente buena,GOOD,6-18
2022-01-11 14:00:00,11/01/2022,11,1,2022,14,2,Weekday,14,22,43,27,Razonablemente buena,GOOD,6-18
2022-01-11 15:00:00,11/01/2022,11,1,2022,15,2,Weekday,43,15,25,24,Razonablemente buena,GOOD,6-18
2022-01-11 16:00:00,11/01/2022,11,1,2022,16,2,Weekday,51,14,23,23,Razonablemente buena,GOOD,6-18
2022-01-11 17:00:00,11/01/2022,11,1,2022,17,2,Weekday,50,14,23,25,Razonablemente buena,GOOD,6-18
2022-01-11 18:00:00,11/01/2022,11,1,2022,18,2,Weekday,42,15,25,20,Buena,GOOD,6-18
2022-01-11 19:00:00,11/01/2022,11,1,2022,19,2,Weekday,32,19,29,7,Buena,GOOD,19-5
2022-01-11 20:00:00,11/01/2022,11,1,2022,20,2,Weekday,23,20,30,9,Buena,GOOD,19-5
2022-01-11 21:00:00,11/01/2022,11,1,2022,21,2,Weekday,10,22,35,16,Buena,GOOD,19-5
2022-01-11 22:00:00,11/01/2022,11,1,2022,22,2,Weekday,2,28,53,28,Razonablemente buena,GOOD,19-5
2022-01-11 23:00:00,11/01/2022,11,1,2022,23,2,Weekday,2,25,57,31,Razonablemente buena,GOOD,19-5
2022-01-12 00:00:00,12/01/2022,12,1,2022,0,3,Weekday,2,22,57,45,Regular,GOOD,19-5
2022-01-12 01:00:00,12/01/2022,12,1,2022,1,3,Weekday,2,19,59,56,Desfavorable,BAD,19-5
2022-01-12 02:00:00,12/01/2022,12,1,2022,2,3,Weekday,2,14,44,64,Desfavorable,BAD,19-5
2022-01-12 03:00:00,12/01/2022,12,1,2022,3,3,Weekday,2,13,34,66,Desfavorable,BAD,19-5
2022-01-12 04:00:00,12/01/2022,12,1,2022,4,3,Weekday,2,12,33,52,Desfavorable,BAD,19-5
2022-01-12 05:00:00,12/01/2022,12,1,2022,5,3,Weekday,2,12,29,51,Desfavorable,BAD,19-5
2022-01-12 06:00:00,12/01/2022,12,1,2022,6,3,Weekday,2,12,26,37,Razonablemente buena,GOOD,6-18
2022-01-12 07:00:00,12/01/2022,12,1,2022,7,3,Weekday,2,13,31,32,Razonablemente buena,GOOD,6-18
2022-01-12 08:00:00,12/01/2022,12,1,2022,8,3,Weekday,2,18,71,34,Razonablemente buena,GOOD,6-18
2022-01-12 09:00:00,12/01/2022,12,1,2022,9,3,Weekday,2,16,91,35,Razonablemente buena,GOOD,6-18
2022-01-12 10:00:00,12/01/2022,12,1,2022,10,3,Weekday,2,19,95,39,Razonablemente buena,GOOD,6-18
2022-01-12 11:00:00,12/01/2022,12,1,2022,11,3,Weekday,3,18,70,37,Razonablemente buena,GOOD,6-18
2022-01-12 12:00:00,12/01/2022,12,1,2022,12,3,Weekday,18,15,36,31,Razonablemente buena,GOOD,6-18
2022-01-12 13:00:00,12/01/2022,12,1,2022,13,3,Weekday,32,15,30,30,Razonablemente buena,GOOD,6-18
2022-01-12 14:00:00,12/01/2022,12,1,2022,14,3,Weekday,51,12,23,27,Razonablemente buena,GOOD,6-18
2022-01-12 15:00:00,12/01/2022,12,1,2022,15,3,Weekday,55,13,24,24,Razonablemente buena,GOOD,6-18
2022-01-12 16:00:00,12/01/2022,12,1,2022,16,3,Weekday,66,11,20,22,Razonablemente buena,GOOD,6-18
2022-01-12 17:00:00,12/01/2022,12,1,2022,17,3,Weekday,51,16,27,22,Razonablemente buena,GOOD,6-18
2022-01-12 18:00:00,12/01/2022,12,1,2022,18,3,Weekday,38,21,34,19,Buena,GOOD,6-18
2022-01-12 19:00:00,12/01/2022,12,1,2022,19,3,Weekday,28,25,41,15,Buena,GOOD,19-5
2022-01-12 20:00:00,12/01/2022,12,1,2022,20,3,Weekday,34,22,35,17,Buena,GOOD,19-5
2022-01-12 21:00:00,12/01/2022,12,1,2022,21,3,Weekday,26,25,38,19,Buena,GOOD,19-5
2022-01-12 22:00:00,12/01/2022,12,1,2022,22,3,Weekday,38,18,28,22,Razonablemente buena,GOOD,19-5
2022-01-12 23:00:00,12/01/2022,12,1,2022,23,3,Weekday,17,24,36,28,Razonablemente buena,GOOD,19-5
2022-01-13 00:00:00,13/01/2022,13,1,2022,0,4,Weekday,15,21,30,33,Razonablemente buena,GOOD,19-5
2022-01-13 01:00:00,13/01/2022,13,1,2022,1,4,Weekday,8,20,32,44,Regular,GOOD,19-5
2022-01-13 02:00:00,13/01/2022,13,1,2022,2,4,Weekday,2,20,34,46,Regular,GOOD,19-5
2022-01-13 03:00:00,13/01/2022,13,1,2022,3,4,Weekday,6,17,30,40,Razonablemente buena,GOOD,19-5
2022-01-13 04:00:00,13/01/2022,13,1,2022,4,4,Weekday,9,15,23,39,Razonablemente buena,GOOD,19-5
2022-01-13 05:00:00,13/01/2022,13,1,2022,5,4,Weekday,36,10,17,31,Razonablemente buena,GOOD,19-5
2022-01-13 06:00:00,13/01/2022,13,1,2022,6,4,Weekday,35,9,15,25,Razonablemente buena,GOOD,6-18
2022-01-13 07:00:00,13/01/2022,13,1,2022,7,4,Weekday,6,15,29,32,Razonablemente buena,GOOD,6-18
2022-01-13 08:00:00,13/01/2022,13,1,2022,8,4,Weekday,2,19,59,36,Razonablemente buena,GOOD,6-18
2022-01-13 09:00:00,13/01/2022,13,1,2022,9,4,Weekday,2,20,84,39,Razonablemente buena,GOOD,6-18
2022-01-13 10:00:00,13/01/2022,13,1,2022,10,4,Weekday,2,21,82,39,Razonablemente buena,GOOD,6-18
2022-01-13 11:00:00,13/01/2022,13,1,2022,11,4,Weekday,13,20,46,31,Razonablemente buena,GOOD,6-18
2022-01-13 12:00:00,13/01/2022,13,1,2022,12,4,Weekday,32,16,34,27,Razonablemente buena,GOOD,6-18
2022-01-13 13:00:00,13/01/2022,13,1,2022,13,4,Weekday,59,14,24,25,Razonablemente buena,GOOD,6-18
2022-01-13 14:00:00,13/01/2022,13,1,2022,14,4,Weekday,72,11,20,23,Razonablemente buena,GOOD,6-18
2022-01-13 15:00:00,13/01/2022,13,1,2022,15,4,Weekday,71,11,20,23,Razonablemente buena,GOOD,6-18
2022-01-13 16:00:00,13/01/2022,13,1,2022,16,4,Weekday,71,10,18,23,Razonablemente buena,GOOD,6-18
2022-01-13 17:00:00,13/01/2022,13,1,2022,17,4,Weekday,75,10,18,22,Razonablemente buena,GOOD,6-18
2022-01-13 18:00:00,13/01/2022,13,1,2022,18,4,Weekday,67,13,20,20,Buena,GOOD,6-18
2022-01-13 19:00:00,13/01/2022,13,1,2022,19,4,Weekday,45,18,27,16,Buena,GOOD,19-5
2022-01-13 20:00:00,13/01/2022,13,1,2022,20,4,Weekday,25,26,38,21,Razonablemente buena,GOOD,19-5
2022-01-13 21:00:00,13/01/2022,13,1,2022,21,4,Weekday,3,33,85,30,Razonablemente buena,GOOD,19-5
2022-01-13 22:00:00,13/01/2022,13,1,2022,22,4,Weekday,5,32,108,68,Desfavorable,BAD,19-5
2022-01-13 23:00:00,13/01/2022,13,1,2022,23,4,Weekday,3,27,63,68,Desfavorable,BAD,19-5
2022-01-14 00:00:00,14/01/2022,14,1,2022,0,5,Weekday,2,23,51,65,Desfavorable,BAD,19-5
2022-01-14 01:00:00,14/01/2022,14,1,2022,1,5,Weekday,2,20,45,63,Desfavorable,BAD,19-5
2022-01-14 02:00:00,14/01/2022,14,1,2022,2,5,Weekday,2,17,33,51,Desfavorable,BAD,19-5
2022-01-14 03:00:00,14/01/2022,14,1,2022,3,5,Weekday,2,15,26,47,Regular,GOOD,19-5
2022-01-14 04:00:00,14/01/2022,14,1,2022,4,5,Weekday,4,13,23,43,Regular,GOOD,19-5
2022-01-14 05:00:00,14/01/2022,14,1,2022,5,5,Weekday,6,12,21,37,Razonablemente buena,GOOD,19-5
2022-01-14 06:00:00,14/01/2022,14,1,2022,6,5,Weekday,7,12,23,30,Razonablemente buena,GOOD,6-18
2022-01-14 07:00:00,14/01/2022,14,1,2022,7,5,Weekday,2,16,38,34,Razonablemente buena,GOOD,6-18
2022-01-14 08:00:00,14/01/2022,14,1,2022,8,5,Weekday,2,22,72,36,Razonablemente buena,GOOD,6-18
2022-01-14 09:00:00,14/01/2022,14,1,2022,9,5,Weekday,2,27,76,34,Razonablemente buena,GOOD,6-18
2022-01-14 10:00:00,14/01/2022,14,1,2022,10,5,Weekday,2,27,81,40,Razonablemente buena,GOOD,6-18
2022-01-14 11:00:00,14/01/2022,14,1,2022,11,5,Weekday,3,26,64,40,Razonablemente buena,GOOD,6-18
2022-01-14 12:00:00,14/01/2022,14,1,2022,12,5,Weekday,10,,,36,Razonablemente buena,GOOD,6-18
2022-01-14 13:00:00,14/01/2022,14,1,2022,13,5,Weekday,33,,,35,Razonablemente buena,GOOD,6-18
2022-01-14 14:00:00,14/01/2022,14,1,2022,14,5,Weekday,39,,,33,Razonablemente buena,GOOD,6-18
2022-01-14 15:00:00,14/01/2022,14,1,2022,15,5,Weekday,49,,,32,Razonablemente buena,GOOD,6-18
2022-01-14 16:00:00,14/01/2022,14,1,2022,16,5,Weekday,63,,,30,Razonablemente buena,GOOD,6-18
2022-01-14 17:00:00,14/01/2022,14,1,2022,17,5,Weekday,70,,,28,Razonablemente buena,GOOD,6-18
2022-01-14 18:00:00,14/01/2022,14,1,2022,18,5,Weekday,55,,,26,Razonablemente buena,GOOD,6-18
2022-01-14 19:00:00,14/01/2022,14,1,2022,19,5,Weekday,27,,,21,Razonablemente buena,GOOD,19-5
2022-01-14 20:00:00,14/01/2022,14,1,2022,20,5,Weekday,13,,,28,Razonablemente buena,GOOD,19-5
2022-01-14 21:00:00,14/01/2022,14,1,2022,21,5,Weekday,6,,,39,Razonablemente buena,GOOD,19-5
2022-01-14 22:00:00,14/01/2022,14,1,2022,22,5,Weekday,7,,,77,Desfavorable,BAD,19-5
2022-01-14 23:00:00,14/01/2022,14,1,2022,23,5,Weekday,4,,,77,Desfavorable,BAD,19-5
2022-01-15 00:00:00,15/01/2022,15,1,2022,0,6,Weekend,3,,,72,Desfavorable,BAD,19-5
2022-01-15 01:00:00,15/01/2022,15,1,2022,1,6,Weekend,2,,,65,Desfavorable,BAD,19-5
2022-01-15 02:00:00,15/01/2022,15,1,2022,2,6,Weekend,2,,,63,Desfavorable,BAD,19-5
2022-01-15 03:00:00,15/01/2022,15,1,2022,3,6,Weekend,2,,,62,Desfavorable,BAD,19-5
2022-01-15 04:00:00,15/01/2022,15,1,2022,4,6,Weekend,2,,,59,Desfavorable,BAD,19-5
2022-01-15 05:00:00,15/01/2022,15,1,2022,5,6,Weekend,2,,,56,Desfavorable,BAD,19-5
2022-01-15 06:00:00,15/01/2022,15,1,2022,6,6,Weekend,2,,,44,Regular,GOOD,6-18
2022-01-15 07:00:00,15/01/2022,15,1,2022,7,6,Weekend,4,,,41,Regular,GOOD,6-18
2022-01-15 08:00:00,15/01/2022,15,1,2022,8,6,Weekend,2,,,41,Regular,GOOD,6-18
2022-01-15 09:00:00,15/01/2022,15,1,2022,9,6,Weekend,2,,,43,Regular,GOOD,6-18
2022-01-15 10:00:00,15/01/2022,15,1,2022,10,6,Weekend,3,,,56,Desfavorable,BAD,6-18
2022-01-15 11:00:00,15/01/2022,15,1,2022,11,6,Weekend,14,,,38,Razonablemente buena,GOOD,6-18
2022-01-15 12:00:00,15/01/2022,15,1,2022,12,6,Weekend,34,,,36,Razonablemente buena,GOOD,6-18
2022-01-15 13:00:00,15/01/2022,15,1,2022,13,6,Weekend,49,,,36,Razonablemente buena,GOOD,6-18
2022-01-15 14:00:00,15/01/2022,15,1,2022,14,6,Weekend,62,,,33,Razonablemente buena,GOOD,6-18
2022-01-15 15:00:00,15/01/2022,15,1,2022,15,6,Weekend,82,,,30,Razonablemente buena,GOOD,6-18
2022-01-15 16:00:00,15/01/2022,15,1,2022,16,6,Weekend,92,,,26,Razonablemente buena,GOOD,6-18
2022-01-15 17:00:00,15/01/2022,15,1,2022,17,6,Weekend,86,,,26,Razonablemente buena,GOOD,6-18
2022-01-15 18:00:00,15/01/2022,15,1,2022,18,6,Weekend,57,,,28,Razonablemente buena,GOOD,6-18
2022-01-15 19:00:00,15/01/2022,15,1,2022,19,6,Weekend,13,,,45,Regular,GOOD,19-5
2022-01-15 20:00:00,15/01/2022,15,1,2022,20,6,Weekend,4,,,61,Desfavorable,BAD,19-5
2022-01-15 21:00:00,15/01/2022,15,1,2022,21,6,Weekend,6,,,81,Desfavorable,BAD,19-5
2022-01-15 22:00:00,15/01/2022,15,1,2022,22,6,Weekend,5,,,97,Desfavorable,BAD,19-5
2022-01-15 23:00:00,15/01/2022,15,1,2022,23,6,Weekend,7,,,123,Muy desfavorable,BAD,19-5
2022-01-16 00:00:00,16/01/2022,16,1,2022,0,7,Weekend,5,,,95,Desfavorable,BAD,19-5
2022-01-16 01:00:00,16/01/2022,16,1,2022,1,7,Weekend,3,,,68,Desfavorable,BAD,19-5
2022-01-16 02:00:00,16/01/2022,16,1,2022,2,7,Weekend,3,,,60,Desfavorable,BAD,19-5
2022-01-16 03:00:00,16/01/2022,16,1,2022,3,7,Weekend,2,,,54,Desfavorable,BAD,19-5
2022-01-16 04:00:00,16/01/2022,16,1,2022,4,7,Weekend,5,,,49,Regular,GOOD,19-5
2022-01-16 05:00:00,16/01/2022,16,1,2022,5,7,Weekend,6,,,42,Regular,GOOD,19-5
2022-01-16 06:00:00,16/01/2022,16,1,2022,6,7,Weekend,4,,,37,Razonablemente buena,GOOD,6-18
2022-01-16 07:00:00,16/01/2022,16,1,2022,7,7,Weekend,2,,,43,Regular,GOOD,6-18
2022-01-16 08:00:00,16/01/2022,16,1,2022,8,7,Weekend,2,,,46,Regular,GOOD,6-18
2022-01-16 09:00:00,16/01/2022,16,1,2022,9,7,Weekend,2,,,57,Desfavorable,BAD,6-18
2022-01-16 10:00:00,16/01/2022,16,1,2022,10,7,Weekend,4,,,49,Regular,GOOD,6-18
2022-01-16 11:00:00,16/01/2022,16,1,2022,11,7,Weekend,15,,,42,Regular,GOOD,6-18
2022-01-16 12:00:00,16/01/2022,16,1,2022,12,7,Weekend,41,,,34,Razonablemente buena,GOOD,6-18
2022-01-16 13:00:00,16/01/2022,16,1,2022,13,7,Weekend,57,,,32,Razonablemente buena,GOOD,6-18
2022-01-16 14:00:00,16/01/2022,16,1,2022,14,7,Weekend,76,,,29,Razonablemente buena,GOOD,6-18
2022-01-16 15:00:00,16/01/2022,16,1,2022,15,7,Weekend,83,,,28,Razonablemente buena,GOOD,6-18
2022-01-16 16:00:00,16/01/2022,16,1,2022,16,7,Weekend,93,,,27,Razonablemente buena,GOOD,6-18
2022-01-16 17:00:00,16/01/2022,16,1,2022,17,7,Weekend,93,,,25,Razonablemente buena,GOOD,6-18
2022-01-16 18:00:00,16/01/2022,16,1,2022,18,7,Weekend,74,,,21,Razonablemente buena,GOOD,6-18
2022-01-16 19:00:00,16/01/2022,16,1,2022,19,7,Weekend,8,,,14,Buena,GOOD,19-5
2022-01-16 20:00:00,16/01/2022,16,1,2022,20,7,Weekend,12,,,26,Razonablemente buena,GOOD,19-5
2022-01-16 21:00:00,16/01/2022,16,1,2022,21,7,Weekend,30,,,25,Razonablemente buena,GOOD,19-5
2022-01-16 22:00:00,16/01/2022,16,1,2022,22,7,Weekend,11,,,36,Razonablemente buena,GOOD,19-5
2022-01-16 23:00:00,16/01/2022,16,1,2022,23,7,Weekend,6,,,65,Desfavorable,BAD,19-5
2022-01-17 00:00:00,17/01/2022,17,1,2022,0,1,Weekday,4,,,63,Desfavorable,BAD,19-5
2022-01-17 01:00:00,17/01/2022,17,1,2022,1,1,Weekday,4,,,57,Desfavorable,BAD,19-5
2022-01-17 02:00:00,17/01/2022,17,1,2022,2,1,Weekday,8,,,46,Regular,GOOD,19-5
2022-01-17 03:00:00,17/01/2022,17,1,2022,3,1,Weekday,14,,,44,Regular,GOOD,19-5
2022-01-17 04:00:00,17/01/2022,17,1,2022,4,1,Weekday,12,,,41,Regular,GOOD,19-5
2022-01-17 05:00:00,17/01/2022,17,1,2022,5,1,Weekday,8,,,39,Razonablemente buena,GOOD,19-5
2022-01-17 06:00:00,17/01/2022,17,1,2022,6,1,Weekday,5,,,34,Razonablemente buena,GOOD,6-18
2022-01-17 07:00:00,17/01/2022,17,1,2022,7,1,Weekday,2,,,35,Razonablemente buena,GOOD,6-18
2022-01-17 08:00:00,17/01/2022,17,1,2022,8,1,Weekday,2,,,38,Razonablemente buena,GOOD,6-18
2022-01-17 09:00:00,17/01/2022,17,1,2022,9,1,Weekday,2,,,46,Regular,GOOD,6-18
2022-01-17 10:00:00,17/01/2022,17,1,2022,10,1,Weekday,2,,,49,Regular,GOOD,6-18
2022-01-17 11:00:00,17/01/2022,17,1,2022,11,1,Weekday,5,,,51,Desfavorable,BAD,6-18
2022-01-17 12:00:00,17/01/2022,17,1,2022,12,1,Weekday,20,,,41,Regular,GOOD,6-18
2022-01-17 13:00:00,17/01/2022,17,1,2022,13,1,Weekday,38,,,32,Razonablemente buena,GOOD,6-18
2022-01-17 14:00:00,17/01/2022,17,1,2022,14,1,Weekday,52,,,31,Razonablemente buena,GOOD,6-18
2022-01-17 15:00:00,17/01/2022,17,1,2022,15,1,Weekday,63,,,29,Razonablemente buena,GOOD,6-18
2022-01-17 16:00:00,17/01/2022,17,1,2022,16,1,Weekday,75,17,24,29,Razonablemente buena,GOOD,6-18
2022-01-17 17:00:00,17/01/2022,17,1,2022,17,1,Weekday,63,24,34,29,Razonablemente buena,GOOD,6-18
2022-01-17 18:00:00,17/01/2022,17,1,2022,18,1,Weekday,60,24,34,27,Razonablemente buena,GOOD,6-18
2022-01-17 19:00:00,17/01/2022,17,1,2022,19,1,Weekday,30,44,65,23,Razonablemente buena,GOOD,19-5
2022-01-17 20:00:00,17/01/2022,17,1,2022,20,1,Weekday,7,56,92,30,Razonablemente buena,GOOD,19-5
2022-01-17 21:00:00,17/01/2022,17,1,2022,21,1,Weekday,6,53,88,39,Razonablemente buena,GOOD,19-5
2022-01-17 22:00:00,17/01/2022,17,1,2022,22,1,Weekday,3,64,198,66,Desfavorable,BAD,19-5
2022-01-17 23:00:00,17/01/2022,17,1,2022,23,1,Weekday,6,56,145,100,Desfavorable,BAD,19-5
2022-01-18 00:00:00,18/01/2022,18,1,2022,0,2,Weekday,3,42,95,90,Desfavorable,BAD,19-5
2022-01-18 01:00:00,18/01/2022,18,1,2022,1,2,Weekday,2,34,62,76,Desfavorable,BAD,19-5
2022-01-18 02:00:00,18/01/2022,18,1,2022,2,2,Weekday,2,30,48,65,Desfavorable,BAD,19-5
2022-01-18 03:00:00,18/01/2022,18,1,2022,3,2,Weekday,3,23,31,55,Desfavorable,BAD,19-5
2022-01-18 04:00:00,18/01/2022,18,1,2022,4,2,Weekday,6,19,26,50,Regular,GOOD,19-5
2022-01-18 05:00:00,18/01/2022,18,1,2022,5,2,Weekday,5,16,24,47,Regular,GOOD,19-5
2022-01-18 06:00:00,18/01/2022,18,1,2022,6,2,Weekday,3,21,36,39,Razonablemente buena,GOOD,6-18
2022-01-18 07:00:00,18/01/2022,18,1,2022,7,2,Weekday,2,25,63,46,Regular,GOOD,6-18
2022-01-18 08:00:00,18/01/2022,18,1,2022,8,2,Weekday,2,27,96,48,Regular,GOOD,6-18
2022-01-18 09:00:00,18/01/2022,18,1,2022,9,2,Weekday,2,30,132,49,Regular,GOOD,6-18
2022-01-18 10:00:00,18/01/2022,18,1,2022,10,2,Weekday,2,35,172,55,Desfavorable,BAD,6-18
2022-01-18 11:00:00,18/01/2022,18,1,2022,11,2,Weekday,4,38,125,60,Desfavorable,BAD,6-18
2022-01-18 12:00:00,18/01/2022,18,1,2022,12,2,Weekday,22,28,54,40,Razonablemente buena,GOOD,6-18
2022-01-18 13:00:00,18/01/2022,18,1,2022,13,2,Weekday,36,24,43,40,Razonablemente buena,GOOD,6-18
2022-01-18 14:00:00,18/01/2022,18,1,2022,14,2,Weekday,51,26,40,40,Razonablemente buena,GOOD,6-18
2022-01-18 15:00:00,18/01/2022,18,1,2022,15,2,Weekday,67,21,32,36,Razonablemente buena,GOOD,6-18
2022-01-18 16:00:00,18/01/2022,18,1,2022,16,2,Weekday,78,20,30,33,Razonablemente buena,GOOD,6-18
2022-01-18 17:00:00,18/01/2022,18,1,2022,17,2,Weekday,81,19,26,36,Razonablemente buena,GOOD,6-18
2022-01-18 18:00:00,18/01/2022,18,1,2022,18,2,Weekday,71,22,29,36,Razonablemente buena,GOOD,6-18
2022-01-18 19:00:00,18/01/2022,18,1,2022,19,2,Weekday,43,34,42,29,Razonablemente buena,GOOD,19-5
2022-01-18 20:00:00,18/01/2022,18,1,2022,20,2,Weekday,22,47,62,32,Razonablemente buena,GOOD,19-5
2022-01-18 21:00:00,18/01/2022,18,1,2022,21,2,Weekday,7,49,65,40,Razonablemente buena,GOOD,19-5
2022-01-18 22:00:00,18/01/2022,18,1,2022,22,2,Weekday,2,56,121,53,Desfavorable,BAD,19-5
2022-01-18 23:00:00,18/01/2022,18,1,2022,23,2,Weekday,9,51,132,106,Muy desfavorable,BAD,19-5
2022-01-19 00:00:00,19/01/2022,19,1,2022,0,3,Weekday,2,41,78,82,Desfavorable,BAD,19-5
2022-01-19 01:00:00,19/01/2022,19,1,2022,1,3,Weekday,2,35,60,70,Desfavorable,BAD,19-5
2022-01-19 02:00:00,19/01/2022,19,1,2022,2,3,Weekday,3,28,40,60,Desfavorable,BAD,19-5
2022-01-19 03:00:00,19/01/2022,19,1,2022,3,3,Weekday,9,21,28,53,Desfavorable,BAD,19-5
2022-01-19 04:00:00,19/01/2022,19,1,2022,4,3,Weekday,13,16,22,48,Regular,GOOD,19-5
2022-01-19 05:00:00,19/01/2022,19,1,2022,5,3,Weekday,9,17,24,47,Regular,GOOD,19-5
2022-01-19 06:00:00,19/01/2022,19,1,2022,6,3,Weekday,3,20,35,45,Regular,GOOD,6-18
2022-01-19 07:00:00,19/01/2022,19,1,2022,7,3,Weekday,2,25,52,48,Regular,GOOD,6-18
2022-01-19 08:00:00,19/01/2022,19,1,2022,8,3,Weekday,2,31,92,47,Regular,GOOD,6-18
2022-01-19 09:00:00,19/01/2022,19,1,2022,9,3,Weekday,2,32,115,46,Regular,GOOD,6-18
2022-01-19 10:00:00,19/01/2022,19,1,2022,10,3,Weekday,2,34,108,46,Regular,GOOD,6-18
2022-01-19 11:00:00,19/01/2022,19,1,2022,11,3,Weekday,3,36,97,45,Regular,GOOD,6-18
2022-01-19 12:00:00,19/01/2022,19,1,2022,12,3,Weekday,15,31,62,40,Razonablemente buena,GOOD,6-18
2022-01-19 13:00:00,19/01/2022,19,1,2022,13,3,Weekday,21,28,58,41,Regular,GOOD,6-18
2022-01-19 14:00:00,19/01/2022,19,1,2022,14,3,Weekday,32,27,53,42,Regular,GOOD,6-18
2022-01-19 15:00:00,19/01/2022,19,1,2022,15,3,Weekday,48,25,42,42,Regular,GOOD,6-18
2022-01-19 16:00:00,19/01/2022,19,1,2022,16,3,Weekday,66,22,33,36,Razonablemente buena,GOOD,6-18
2022-01-19 17:00:00,19/01/2022,19,1,2022,17,3,Weekday,86,14,21,28,Razonablemente buena,GOOD,6-18
2022-01-19 18:00:00,19/01/2022,19,1,2022,18,3,Weekday,78,18,24,31,Razonablemente buena,GOOD,6-18
2022-01-19 19:00:00,19/01/2022,19,1,2022,19,3,Weekday,19,47,62,37,Razonablemente buena,GOOD,19-5
2022-01-19 20:00:00,19/01/2022,19,1,2022,20,3,Weekday,3,60,156,49,Regular,GOOD,19-5
2022-01-19 21:00:00,19/01/2022,19,1,2022,21,3,Weekday,4,65,226,85,Desfavorable,BAD,19-5
2022-01-19 22:00:00,19/01/2022,19,1,2022,22,3,Weekday,5,63,239,118,Muy desfavorable,BAD,19-5
2022-01-19 23:00:00,19/01/2022,19,1,2022,23,3,Weekday,7,47,130,131,Muy desfavorable,BAD,19-5
2022-01-20 00:00:00,20/01/2022,20,1,2022,0,4,Weekday,3,41,98,98,Desfavorable,BAD,19-5
2022-01-20 01:00:00,20/01/2022,20,1,2022,1,4,Weekday,2,33,56,76,Desfavorable,BAD,19-5
2022-01-20 02:00:00,20/01/2022,20,1,2022,2,4,Weekday,2,26,37,72,Desfavorable,BAD,19-5
2022-01-20 03:00:00,20/01/2022,20,1,2022,3,4,Weekday,4,20,28,62,Desfavorable,BAD,19-5
2022-01-20 04:00:00,20/01/2022,20,1,2022,4,4,Weekday,6,18,24,56,Desfavorable,BAD,19-5
2022-01-20 05:00:00,20/01/2022,20,1,2022,5,4,Weekday,3,17,24,52,Desfavorable,BAD,19-5
2022-01-20 06:00:00,20/01/2022,20,1,2022,6,4,Weekday,2,19,36,48,Regular,GOOD,6-18
2022-01-20 07:00:00,20/01/2022,20,1,2022,7,4,Weekday,2,21,50,50,Regular,GOOD,6-18
2022-01-20 08:00:00,20/01/2022,20,1,2022,8,4,Weekday,2,26,95,52,Desfavorable,BAD,6-18
2022-01-20 09:00:00,20/01/2022,20,1,2022,9,4,Weekday,2,29,123,58,Desfavorable,BAD,6-18
2022-01-20 10:00:00,20/01/2022,20,1,2022,10,4,Weekday,2,32,165,63,Desfavorable,BAD,6-18
2022-01-20 11:00:00,20/01/2022,20,1,2022,11,4,Weekday,3,34,120,60,Desfavorable,BAD,6-18
2022-01-20 12:00:00,20/01/2022,20,1,2022,12,4,Weekday,17,27,60,49,Regular,GOOD,6-18
2022-01-20 13:00:00,20/01/2022,20,1,2022,13,4,Weekday,34,22,42,45,Regular,GOOD,6-18
2022-01-20 14:00:00,20/01/2022,20,1,2022,14,4,Weekday,46,23,42,48,Regular,GOOD,6-18
2022-01-20 15:00:00,20/01/2022,20,1,2022,15,4,Weekday,67,18,29,39,Razonablemente buena,GOOD,6-18
2022-01-20 16:00:00,20/01/2022,20,1,2022,16,4,Weekday,86,13,20,32,Razonablemente buena,GOOD,6-18
2022-01-20 17:00:00,20/01/2022,20,1,2022,17,4,Weekday,84,12,19,32,Razonablemente buena,GOOD,6-18
2022-01-20 18:00:00,20/01/2022,20,1,2022,18,4,Weekday,76,15,21,28,Razonablemente buena,GOOD,6-18
2022-01-20 19:00:00,20/01/2022,20,1,2022,19,4,Weekday,35,33,41,23,Razonablemente buena,GOOD,19-5
2022-01-20 20:00:00,20/01/2022,20,1,2022,20,4,Weekday,13,41,55,30,Razonablemente buena,GOOD,19-5
2022-01-20 21:00:00,20/01/2022,20,1,2022,21,4,Weekday,7,42,60,42,Regular,GOOD,19-5
2022-01-20 22:00:00,20/01/2022,20,1,2022,22,4,Weekday,3,50,136,73,Desfavorable,BAD,19-5
2022-01-20 23:00:00,20/01/2022,20,1,2022,23,4,Weekday,3,42,94,83,Desfavorable,BAD,19-5
2022-01-21 00:00:00,21/01/2022,21,1,2022,0,5,Weekday,2,33,61,62,Desfavorable,BAD,19-5
2022-01-21 01:00:00,21/01/2022,21,1,2022,1,5,Weekday,4,24,37,55,Desfavorable,BAD,19-5
2022-01-21 02:00:00,21/01/2022,21,1,2022,2,5,Weekday,8,21,30,55,Desfavorable,BAD,19-5
2022-01-21 03:00:00,21/01/2022,21,1,2022,3,5,Weekday,12,19,26,50,Regular,GOOD,19-5
2022-01-21 04:00:00,21/01/2022,21,1,2022,4,5,Weekday,12,15,21,48,Regular,GOOD,19-5
2022-01-21 05:00:00,21/01/2022,21,1,2022,5,5,Weekday,3,17,25,55,Desfavorable,BAD,19-5
2022-01-21 06:00:00,21/01/2022,21,1,2022,6,5,Weekday,2,18,33,45,Regular,GOOD,6-18
2022-01-21 07:00:00,21/01/2022,21,1,2022,7,5,Weekday,2,23,52,47,Regular,GOOD,6-18
2022-01-21 08:00:00,21/01/2022,21,1,2022,8,5,Weekday,2,22,86,52,Desfavorable,BAD,6-18
2022-01-21 09:00:00,21/01/2022,21,1,2022,9,5,Weekday,2,26,116,58,Desfavorable,BAD,6-18
2022-01-21 10:00:00,21/01/2022,21,1,2022,10,5,Weekday,2,31,143,61,Desfavorable,BAD,6-18
2022-01-21 11:00:00,21/01/2022,21,1,2022,11,5,Weekday,3,30,106,60,Desfavorable,BAD,6-18
2022-01-21 12:00:00,21/01/2022,21,1,2022,12,5,Weekday,19,25,55,45,Regular,GOOD,6-18
2022-01-21 13:00:00,21/01/2022,21,1,2022,13,5,Weekday,43,17,33,36,Razonablemente buena,GOOD,6-18
2022-01-21 14:00:00,21/01/2022,21,1,2022,14,5,Weekday,63,13,21,32,Razonablemente buena,GOOD,6-18
2022-01-21 15:00:00,21/01/2022,21,1,2022,15,5,Weekday,75,13,20,31,Razonablemente buena,GOOD,6-18
2022-01-21 16:00:00,21/01/2022,21,1,2022,16,5,Weekday,81,10,17,28,Razonablemente buena,GOOD,6-18
2022-01-21 17:00:00,21/01/2022,21,1,2022,17,5,Weekday,80,11,16,28,Razonablemente buena,GOOD,6-18
2022-01-21 18:00:00,21/01/2022,21,1,2022,18,5,Weekday,68,14,20,26,Razonablemente buena,GOOD,6-18
2022-01-21 19:00:00,21/01/2022,21,1,2022,19,5,Weekday,51,18,23,16,Buena,GOOD,19-5
2022-01-21 20:00:00,21/01/2022,21,1,2022,20,5,Weekday,25,28,36,23,Razonablemente buena,GOOD,19-5
2022-01-21 21:00:00,21/01/2022,21,1,2022,21,5,Weekday,9,32,45,31,Razonablemente buena,GOOD,19-5
2022-01-21 22:00:00,21/01/2022,21,1,2022,22,5,Weekday,2,34,52,40,Razonablemente buena,GOOD,19-5
2022-01-21 23:00:00,21/01/2022,21,1,2022,23,5,Weekday,3,38,89,64,Desfavorable,BAD,19-5
2022-01-22 00:00:00,22/01/2022,22,1,2022,0,6,Weekend,3,32,75,83,Desfavorable,BAD,19-5
2022-01-22 01:00:00,22/01/2022,22,1,2022,1,6,Weekend,2,30,60,70,Desfavorable,BAD,19-5
2022-01-22 02:00:00,22/01/2022,22,1,2022,2,6,Weekend,2,24,37,62,Desfavorable,BAD,19-5
2022-01-22 03:00:00,22/01/2022,22,1,2022,3,6,Weekend,2,19,28,62,Desfavorable,BAD,19-5
2022-01-22 04:00:00,22/01/2022,22,1,2022,4,6,Weekend,2,17,29,65,Desfavorable,BAD,19-5
2022-01-22 05:00:00,22/01/2022,22,1,2022,5,6,Weekend,2,14,25,64,Desfavorable,BAD,19-5
2022-01-22 06:00:00,22/01/2022,22,1,2022,6,6,Weekend,2,13,22,53,Desfavorable,BAD,6-18
2022-01-22 07:00:00,22/01/2022,22,1,2022,7,6,Weekend,2,14,27,54,Desfavorable,BAD,6-18
2022-01-22 08:00:00,22/01/2022,22,1,2022,8,6,Weekend,2,16,39,53,Desfavorable,BAD,6-18
2022-01-22 09:00:00,22/01/2022,22,1,2022,9,6,Weekend,2,17,47,52,Desfavorable,BAD,6-18
2022-01-22 10:00:00,22/01/2022,22,1,2022,10,6,Weekend,2,20,76,55,Desfavorable,BAD,6-18
2022-01-22 11:00:00,22/01/2022,22,1,2022,11,6,Weekend,3,20,57,47,Regular,GOOD,6-18
2022-01-22 12:00:00,22/01/2022,22,1,2022,12,6,Weekend,9,20,40,40,Razonablemente buena,GOOD,6-18
2022-01-22 13:00:00,22/01/2022,22,1,2022,13,6,Weekend,21,17,33,37,Razonablemente buena,GOOD,6-18
2022-01-22 14:00:00,22/01/2022,22,1,2022,14,6,Weekend,38,12,22,36,Razonablemente buena,GOOD,6-18
2022-01-22 15:00:00,22/01/2022,22,1,2022,15,6,Weekend,25,21,32,40,Razonablemente buena,GOOD,6-18
2022-01-22 16:00:00,22/01/2022,22,1,2022,16,6,Weekend,30,16,24,39,Razonablemente buena,GOOD,6-18
2022-01-22 17:00:00,22/01/2022,22,1,2022,17,6,Weekend,29,15,21,40,Razonablemente buena,GOOD,6-18
2022-01-22 18:00:00,22/01/2022,22,1,2022,18,6,Weekend,31,14,19,36,Razonablemente buena,GOOD,6-18
2022-01-22 19:00:00,22/01/2022,22,1,2022,19,6,Weekend,8,23,35,41,Regular,GOOD,19-5
2022-01-22 20:00:00,22/01/2022,22,1,2022,20,6,Weekend,3,24,43,68,Desfavorable,BAD,19-5
2022-01-22 21:00:00,22/01/2022,22,1,2022,21,6,Weekend,2,22,45,76,Desfavorable,BAD,19-5
2022-01-22 22:00:00,22/01/2022,22,1,2022,22,6,Weekend,2,22,44,83,Desfavorable,BAD,19-5
2022-01-22 23:00:00,22/01/2022,22,1,2022,23,6,Weekend,29,13,21,35,Razonablemente buena,GOOD,19-5
2022-01-23 00:00:00,23/01/2022,23,1,2022,0,7,Weekend,38,9,13,29,Razonablemente buena,GOOD,19-5
2022-01-23 01:00:00,23/01/2022,23,1,2022,1,7,Weekend,37,8,13,26,Razonablemente buena,GOOD,19-5
2022-01-23 02:00:00,23/01/2022,23,1,2022,2,7,Weekend,32,9,12,26,Razonablemente buena,GOOD,19-5
2022-01-23 03:00:00,23/01/2022,23,1,2022,3,7,Weekend,6,22,30,28,Razonablemente buena,GOOD,19-5
2022-01-23 04:00:00,23/01/2022,23,1,2022,4,7,Weekend,17,14,19,26,Razonablemente buena,GOOD,19-5
2022-01-23 05:00:00,23/01/2022,23,1,2022,5,7,Weekend,11,11,15,31,Razonablemente buena,GOOD,19-5
2022-01-23 06:00:00,23/01/2022,23,1,2022,6,7,Weekend,6,10,15,28,Razonablemente buena,GOOD,6-18
2022-01-23 07:00:00,23/01/2022,23,1,2022,7,7,Weekend,4,11,17,31,Razonablemente buena,GOOD,6-18
2022-01-23 08:00:00,23/01/2022,23,1,2022,8,7,Weekend,5,10,16,32,Razonablemente buena,GOOD,6-18
2022-01-23 09:00:00,23/01/2022,23,1,2022,9,7,Weekend,3,15,27,33,Razonablemente buena,GOOD,6-18
2022-01-23 10:00:00,23/01/2022,23,1,2022,10,7,Weekend,2,13,31,36,Razonablemente buena,GOOD,6-18
2022-01-23 11:00:00,23/01/2022,23,1,2022,11,7,Weekend,16,13,28,29,Razonablemente buena,GOOD,6-18
2022-01-23 12:00:00,23/01/2022,23,1,2022,12,7,Weekend,26,15,22,25,Razonablemente buena,GOOD,6-18
2022-01-23 13:00:00,23/01/2022,23,1,2022,13,7,Weekend,36,12,19,24,Razonablemente buena,GOOD,6-18
2022-01-23 14:00:00,23/01/2022,23,1,2022,14,7,Weekend,54,10,16,22,Razonablemente buena,GOOD,6-18
2022-01-23 15:00:00,23/01/2022,23,1,2022,15,7,Weekend,72,8,13,21,Razonablemente buena,GOOD,6-18
2022-01-23 16:00:00,23/01/2022,23,1,2022,16,7,Weekend,73,8,12,21,Razonablemente buena,GOOD,6-18
2022-01-23 17:00:00,23/01/2022,23,1,2022,17,7,Weekend,70,7,11,19,Buena,GOOD,6-18
2022-01-23 18:00:00,23/01/2022,23,1,2022,18,7,Weekend,66,7,11,19,Buena,GOOD,6-18
2022-01-23 19:00:00,23/01/2022,23,1,2022,19,7,Weekend,54,9,13,20,Buena,GOOD,19-5
2022-01-23 20:00:00,23/01/2022,23,1,2022,20,7,Weekend,48,12,15,20,Buena,GOOD,19-5
2022-01-23 21:00:00,23/01/2022,23,1,2022,21,7,Weekend,28,16,21,6,Buena,GOOD,19-5
2022-01-23 22:00:00,23/01/2022,23,1,2022,22,7,Weekend,2,30,74,15,Buena,GOOD,19-5
2022-01-23 23:00:00,23/01/2022,23,1,2022,23,7,Weekend,2,27,53,21,Razonablemente buena,GOOD,19-5
2022-01-24 00:00:00,24/01/2022,24,1,2022,0,1,Weekday,3,25,77,38,Razonablemente buena,GOOD,19-5
2022-01-24 01:00:00,24/01/2022,24,1,2022,1,1,Weekday,2,17,40,51,Desfavorable,BAD,19-5
2022-01-24 02:00:00,24/01/2022,24,1,2022,2,1,Weekday,2,14,26,45,Regular,GOOD,19-5
2022-01-24 03:00:00,24/01/2022,24,1,2022,3,1,Weekday,4,9,15,31,Razonablemente buena,GOOD,19-5
2022-01-24 04:00:00,24/01/2022,24,1,2022,4,1,Weekday,6,7,12,26,Razonablemente buena,GOOD,19-5
2022-01-24 05:00:00,24/01/2022,24,1,2022,5,1,Weekday,10,7,11,24,Razonablemente buena,GOOD,19-5
2022-01-24 06:00:00,24/01/2022,24,1,2022,6,1,Weekday,4,9,17,22,Razonablemente buena,GOOD,6-18
2022-01-24 07:00:00,24/01/2022,24,1,2022,7,1,Weekday,2,12,32,25,Razonablemente buena,GOOD,6-18
2022-01-24 08:00:00,24/01/2022,24,1,2022,8,1,Weekday,2,17,58,28,Razonablemente buena,GOOD,6-18
2022-01-24 09:00:00,24/01/2022,24,1,2022,9,1,Weekday,2,21,94,27,Razonablemente buena,GOOD,6-18
2022-01-24 10:00:00,24/01/2022,24,1,2022,10,1,Weekday,2,22,86,27,Razonablemente buena,GOOD,6-18
2022-01-24 11:00:00,24/01/2022,24,1,2022,11,1,Weekday,2,22,74,27,Razonablemente buena,GOOD,6-18
2022-01-24 12:00:00,24/01/2022,24,1,2022,12,1,Weekday,8,20,48,24,Razonablemente buena,GOOD,6-18
2022-01-24 13:00:00,24/01/2022,24,1,2022,13,1,Weekday,20,18,39,25,Razonablemente buena,GOOD,6-18
2022-01-24 14:00:00,24/01/2022,24,1,2022,14,1,Weekday,36,16,30,26,Razonablemente buena,GOOD,6-18
2022-01-24 15:00:00,24/01/2022,24,1,2022,15,1,Weekday,49,13,22,23,Razonablemente buena,GOOD,6-18
2022-01-24 16:00:00,24/01/2022,24,1,2022,16,1,Weekday,73,8,13,19,Buena,GOOD,6-18
2022-01-24 17:00:00,24/01/2022,24,1,2022,17,1,Weekday,71,9,14,19,Buena,GOOD,6-18
2022-01-24 18:00:00,24/01/2022,24,1,2022,18,1,Weekday,63,11,16,18,Buena,GOOD,6-18
2022-01-24 19:00:00,24/01/2022,24,1,2022,19,1,Weekday,45,15,21,14,Buena,GOOD,19-5
2022-01-24 20:00:00,24/01/2022,24,1,2022,20,1,Weekday,21,22,31,17,Buena,GOOD,19-5
2022-01-24 21:00:00,24/01/2022,24,1,2022,21,1,Weekday,7,30,52,21,Razonablemente buena,GOOD,19-5
2022-01-24 22:00:00,24/01/2022,24,1,2022,22,1,Weekday,2,39,131,33,Razonablemente buena,GOOD,19-5
2022-01-24 23:00:00,24/01/2022,24,1,2022,23,1,Weekday,4,38,107,63,Desfavorable,BAD,19-5
2022-01-25 00:00:00,25/01/2022,25,1,2022,0,2,Weekday,4,27,68,80,Desfavorable,BAD,19-5
2022-01-25 01:00:00,25/01/2022,25,1,2022,1,2,Weekday,2,20,46,61,Desfavorable,BAD,19-5
2022-01-25 02:00:00,25/01/2022,25,1,2022,2,2,Weekday,2,16,34,64,Desfavorable,BAD,19-5
2022-01-25 03:00:00,25/01/2022,25,1,2022,3,2,Weekday,6,11,17,43,Regular,GOOD,19-5
2022-01-25 04:00:00,25/01/2022,25,1,2022,4,2,Weekday,14,8,12,42,Regular,GOOD,19-5
2022-01-25 05:00:00,25/01/2022,25,1,2022,5,2,Weekday,16,8,12,38,Razonablemente buena,GOOD,19-5
2022-01-25 06:00:00,25/01/2022,25,1,2022,6,2,Weekday,19,10,15,29,Razonablemente buena,GOOD,6-18
2022-01-25 07:00:00,25/01/2022,25,1,2022,7,2,Weekday,5,16,28,32,Razonablemente buena,GOOD,6-18
2022-01-25 08:00:00,25/01/2022,25,1,2022,8,2,Weekday,2,20,46,32,Razonablemente buena,GOOD,6-18
2022-01-25 09:00:00,25/01/2022,25,1,2022,9,2,Weekday,2,21,60,31,Razonablemente buena,GOOD,6-18
2022-01-25 10:00:00,25/01/2022,25,1,2022,10,2,Weekday,2,24,58,30,Razonablemente buena,GOOD,6-18
2022-01-25 11:00:00,25/01/2022,25,1,2022,11,2,Weekday,2,24,53,31,Razonablemente buena,GOOD,6-18
2022-01-25 12:00:00,25/01/2022,25,1,2022,12,2,Weekday,18,20,36,31,Razonablemente buena,GOOD,6-18
2022-01-25 13:00:00,25/01/2022,25,1,2022,13,2,Weekday,48,17,26,27,Razonablemente buena,GOOD,6-18
2022-01-25 14:00:00,25/01/2022,25,1,2022,14,2,Weekday,70,10,17,25,Razonablemente buena,GOOD,6-18
2022-01-25 15:00:00,25/01/2022,25,1,2022,15,2,Weekday,73,10,16,25,Razonablemente buena,GOOD,6-18
2022-01-25 16:00:00,25/01/2022,25,1,2022,16,2,Weekday,74,9,15,25,Razonablemente buena,GOOD,6-18
2022-01-25 17:00:00,25/01/2022,25,1,2022,17,2,Weekday,72,10,15,25,Razonablemente buena,GOOD,6-18
2022-01-25 18:00:00,25/01/2022,25,1,2022,18,2,Weekday,70,10,15,21,Razonablemente buena,GOOD,6-18
2022-01-25 19:00:00,25/01/2022,25,1,2022,19,2,Weekday,66,10,16,10,Buena,GOOD,19-5
2022-01-25 20:00:00,25/01/2022,25,1,2022,20,2,Weekday,52,13,20,12,Buena,GOOD,19-5
2022-01-25 21:00:00,25/01/2022,25,1,2022,21,2,Weekday,41,15,22,14,Buena,GOOD,19-5
2022-01-25 22:00:00,25/01/2022,25,1,2022,22,2,Weekday,48,15,21,15,Buena,GOOD,19-5
2022-01-25 23:00:00,25/01/2022,25,1,2022,23,2,Weekday,57,11,16,14,Buena,GOOD,19-5
2022-01-26 00:00:00,26/01/2022,26,1,2022,0,3,Weekday,55,10,15,14,Buena,GOOD,19-5
2022-01-26 01:00:00,26/01/2022,26,1,2022,1,3,Weekday,25,15,21,18,Buena,GOOD,19-5
2022-01-26 02:00:00,26/01/2022,26,1,2022,2,3,Weekday,10,16,24,23,Razonablemente buena,GOOD,19-5
2022-01-26 03:00:00,26/01/2022,26,1,2022,3,3,Weekday,44,10,15,19,Buena,GOOD,19-5
2022-01-26 04:00:00,26/01/2022,26,1,2022,4,3,Weekday,34,7,11,20,Buena,GOOD,19-5
2022-01-26 05:00:00,26/01/2022,26,1,2022,5,3,Weekday,22,8,13,19,Buena,GOOD,19-5
2022-01-26 06:00:00,26/01/2022,26,1,2022,6,3,Weekday,14,11,17,16,Buena,GOOD,6-18
2022-01-26 07:00:00,26/01/2022,26,1,2022,7,3,Weekday,6,17,31,17,Buena,GOOD,6-18
2022-01-26 08:00:00,26/01/2022,26,1,2022,8,3,Weekday,2,22,58,18,Buena,GOOD,6-18
2022-01-26 09:00:00,26/01/2022,26,1,2022,9,3,Weekday,2,23,63,20,Buena,GOOD,6-18
2022-01-26 10:00:00,26/01/2022,26,1,2022,10,3,Weekday,2,22,56,19,Buena,GOOD,6-18
2022-01-26 11:00:00,26/01/2022,26,1,2022,11,3,Weekday,6,20,48,19,Buena,GOOD,6-18
2022-01-26 12:00:00,26/01/2022,26,1,2022,12,3,Weekday,9,21,44,20,Buena,GOOD,6-18
2022-01-26 13:00:00,26/01/2022,26,1,2022,13,3,Weekday,10,23,45,20,Buena,GOOD,6-18
2022-01-26 14:00:00,26/01/2022,26,1,2022,14,3,Weekday,10,22,45,24,Razonablemente buena,GOOD,6-18
2022-01-26 15:00:00,26/01/2022,26,1,2022,15,3,Weekday,13,23,44,26,Razonablemente buena,GOOD,6-18
2022-01-26 16:00:00,26/01/2022,26,1,2022,16,3,Weekday,27,21,33,22,Razonablemente buena,GOOD,6-18
2022-01-26 17:00:00,26/01/2022,26,1,2022,17,3,Weekday,66,11,19,17,Buena,GOOD,6-18
2022-01-26 18:00:00,26/01/2022,26,1,2022,18,3,Weekday,68,10,15,18,Buena,GOOD,6-18
2022-01-26 19:00:00,26/01/2022,26,1,2022,19,3,Weekday,60,11,17,22,Razonablemente buena,GOOD,19-5
2022-01-26 20:00:00,26/01/2022,26,1,2022,20,3,Weekday,47,15,21,23,Razonablemente buena,GOOD,19-5
2022-01-26 21:00:00,26/01/2022,26,1,2022,21,3,Weekday,40,17,24,24,Razonablemente buena,GOOD,19-5
2022-01-26 22:00:00,26/01/2022,26,1,2022,22,3,Weekday,39,16,23,25,Razonablemente buena,GOOD,19-5
2022-01-26 23:00:00,26/01/2022,26,1,2022,23,3,Weekday,49,14,19,26,Razonablemente buena,GOOD,19-5
2022-01-27 00:00:00,27/01/2022,27,1,2022,0,4,Weekday,47,12,16,27,Razonablemente buena,GOOD,19-5
2022-01-27 01:00:00,27/01/2022,27,1,2022,1,4,Weekday,38,12,17,29,Razonablemente buena,GOOD,19-5
2022-01-27 02:00:00,27/01/2022,27,1,2022,2,4,Weekday,20,13,19,36,Razonablemente buena,GOOD,19-5
2022-01-27 03:00:00,27/01/2022,27,1,2022,3,4,Weekday,12,13,18,36,Razonablemente buena,GOOD,19-5
2022-01-27 04:00:00,27/01/2022,27,1,2022,4,4,Weekday,8,12,17,35,Razonablemente buena,GOOD,19-5
2022-01-27 05:00:00,27/01/2022,27,1,2022,5,4,Weekday,27,10,16,26,Razonablemente buena,GOOD,19-5
2022-01-27 06:00:00,27/01/2022,27,1,2022,6,4,Weekday,12,11,18,23,Razonablemente buena,GOOD,6-18
2022-01-27 07:00:00,27/01/2022,27,1,2022,7,4,Weekday,4,15,28,24,Razonablemente buena,GOOD,6-18
2022-01-27 08:00:00,27/01/2022,27,1,2022,8,4,Weekday,3,19,46,25,Razonablemente buena,GOOD,6-18
2022-01-27 09:00:00,27/01/2022,27,1,2022,9,4,Weekday,2,23,65,30,Razonablemente buena,GOOD,6-18
2022-01-27 10:00:00,27/01/2022,27,1,2022,10,4,Weekday,2,26,67,30,Razonablemente buena,GOOD,6-18
2022-01-27 11:00:00,27/01/2022,27,1,2022,11,4,Weekday,5,24,53,28,Razonablemente buena,GOOD,6-18
2022-01-27 12:00:00,27/01/2022,27,1,2022,12,4,Weekday,14,20,40,32,Razonablemente buena,GOOD,6-18
2022-01-27 13:00:00,27/01/2022,27,1,2022,13,4,Weekday,18,21,38,28,Razonablemente buena,GOOD,6-18
2022-01-27 14:00:00,27/01/2022,27,1,2022,14,4,Weekday,,25,43,30,Razonablemente buena,GOOD,6-18
2022-01-27 15:00:00,27/01/2022,27,1,2022,15,4,Weekday,,28,50,30,Razonablemente buena,GOOD,6-18
2022-01-27 16:00:00,27/01/2022,27,1,2022,16,4,Weekday,,19,29,27,Razonablemente buena,GOOD,6-18
2022-01-27 17:00:00,27/01/2022,27,1,2022,17,4,Weekday,,17,24,24,Razonablemente buena,GOOD,6-18
2022-01-27 18:00:00,27/01/2022,27,1,2022,18,4,Weekday,,21,29,23,Razonablemente buena,GOOD,6-18
2022-01-27 19:00:00,27/01/2022,27,1,2022,19,4,Weekday,,24,32,23,Razonablemente buena,GOOD,19-5
2022-01-27 20:00:00,27/01/2022,27,1,2022,20,4,Weekday,,35,45,26,Razonablemente buena,GOOD,19-5
2022-01-27 21:00:00,27/01/2022,27,1,2022,21,4,Weekday,,48,71,38,Razonablemente buena,GOOD,19-5
2022-01-27 22:00:00,27/01/2022,27,1,2022,22,4,Weekday,,43,62,45,Regular,GOOD,19-5
2022-01-27 23:00:00,27/01/2022,27,1,2022,23,4,Weekday,,35,71,58,Desfavorable,BAD,19-5
2022-01-28 00:00:00,28/01/2022,28,1,2022,0,5,Weekday,,36,80,64,Desfavorable,BAD,19-5
2022-01-28 01:00:00,28/01/2022,28,1,2022,1,5,Weekday,,28,56,61,Desfavorable,BAD,19-5
2022-01-28 02:00:00,28/01/2022,28,1,2022,2,5,Weekday,,30,50,45,Regular,GOOD,19-5
2022-01-28 03:00:00,28/01/2022,28,1,2022,3,5,Weekday,,20,26,35,Razonablemente buena,GOOD,19-5
2022-01-28 04:00:00,28/01/2022,28,1,2022,4,5,Weekday,,14,19,36,Razonablemente buena,GOOD,19-5
2022-01-28 05:00:00,28/01/2022,28,1,2022,5,5,Weekday,,15,23,37,Razonablemente buena,GOOD,19-5
2022-01-28 06:00:00,28/01/2022,28,1,2022,6,5,Weekday,,15,26,32,Razonablemente buena,GOOD,6-18
2022-01-28 07:00:00,28/01/2022,28,1,2022,7,5,Weekday,,17,32,31,Razonablemente buena,GOOD,6-18
2022-01-28 08:00:00,28/01/2022,28,1,2022,8,5,Weekday,,26,60,30,Razonablemente buena,GOOD,6-18
2022-01-28 09:00:00,28/01/2022,28,1,2022,9,5,Weekday,,27,75,32,Razonablemente buena,GOOD,6-18
2022-01-28 10:00:00,28/01/2022,28,1,2022,10,5,Weekday,,26,69,31,Razonablemente buena,GOOD,6-18
2022-01-28 11:00:00,28/01/2022,28,1,2022,11,5,Weekday,,26,63,31,Razonablemente buena,GOOD,6-18
2022-01-28 12:00:00,28/01/2022,28,1,2022,12,5,Weekday,,24,57,33,Razonablemente buena,GOOD,6-18
2022-01-28 13:00:00,28/01/2022,28,1,2022,13,5,Weekday,,24,50,34,Razonablemente buena,GOOD,6-18
2022-01-28 14:00:00,28/01/2022,28,1,2022,14,5,Weekday,,20,35,30,Razonablemente buena,GOOD,6-18
2022-01-28 15:00:00,28/01/2022,28,1,2022,15,5,Weekday,,19,33,28,Razonablemente buena,GOOD,6-18
2022-01-28 16:00:00,28/01/2022,28,1,2022,16,5,Weekday,,18,28,28,Razonablemente buena,GOOD,6-18
2022-01-28 17:00:00,28/01/2022,28,1,2022,17,5,Weekday,,15,24,26,Razonablemente buena,GOOD,6-18
2022-01-28 18:00:00,28/01/2022,28,1,2022,18,5,Weekday,,17,25,24,Razonablemente buena,GOOD,6-18
2022-01-28 19:00:00,28/01/2022,28,1,2022,19,5,Weekday,,27,36,19,Buena,GOOD,19-5
2022-01-28 20:00:00,28/01/2022,28,1,2022,20,5,Weekday,,47,65,27,Razonablemente buena,GOOD,19-5
2022-01-28 21:00:00,28/01/2022,28,1,2022,21,5,Weekday,,50,79,37,Razonablemente buena,GOOD,19-5
2022-01-28 22:00:00,28/01/2022,28,1,2022,22,5,Weekday,,48,84,47,Regular,GOOD,19-5
2022-01-28 23:00:00,28/01/2022,28,1,2022,23,5,Weekday,,46,135,84,Desfavorable,BAD,19-5
2022-01-29 00:00:00,29/01/2022,29,1,2022,0,6,Weekend,,35,88,71,Desfavorable,BAD,19-5
2022-01-29 01:00:00,29/01/2022,29,1,2022,1,6,Weekend,,31,61,63,Desfavorable,BAD,19-5
2022-01-29 02:00:00,29/01/2022,29,1,2022,2,6,Weekend,,26,44,58,Desfavorable,BAD,19-5
2022-01-29 03:00:00,29/01/2022,29,1,2022,3,6,Weekend,,23,39,50,Regular,GOOD,19-5
2022-01-29 04:00:00,29/01/2022,29,1,2022,4,6,Weekend,,23,38,48,Regular,GOOD,19-5
2022-01-29 05:00:00,29/01/2022,29,1,2022,5,6,Weekend,,19,31,45,Regular,GOOD,19-5
2022-01-29 06:00:00,29/01/2022,29,1,2022,6,6,Weekend,,21,36,39,Razonablemente buena,GOOD,6-18
2022-01-29 07:00:00,29/01/2022,29,1,2022,7,6,Weekend,,20,44,42,Regular,GOOD,6-18
2022-01-29 08:00:00,29/01/2022,29,1,2022,8,6,Weekend,,22,58,45,Regular,GOOD,6-18
2022-01-29 09:00:00,29/01/2022,29,1,2022,9,6,Weekend,,24,72,47,Regular,GOOD,6-18
2022-01-29 10:00:00,29/01/2022,29,1,2022,10,6,Weekend,,26,79,45,Regular,GOOD,6-18
2022-01-29 11:00:00,29/01/2022,29,1,2022,11,6,Weekend,,24,53,38,Razonablemente buena,GOOD,6-18
2022-01-29 12:00:00,29/01/2022,29,1,2022,12,6,Weekend,,22,41,33,Razonablemente buena,GOOD,6-18
2022-01-29 13:00:00,29/01/2022,29,1,2022,13,6,Weekend,,18,34,31,Razonablemente buena,GOOD,6-18
2022-01-29 14:00:00,29/01/2022,29,1,2022,14,6,Weekend,,16,29,32,Razonablemente buena,GOOD,6-18
2022-01-29 15:00:00,29/01/2022,29,1,2022,15,6,Weekend,,14,25,32,Razonablemente buena,GOOD,6-18
2022-01-29 16:00:00,29/01/2022,29,1,2022,16,6,Weekend,,11,21,26,Razonablemente buena,GOOD,6-18
2022-01-29 17:00:00,29/01/2022,29,1,2022,17,6,Weekend,,12,20,24,Razonablemente buena,GOOD,6-18
2022-01-29 18:00:00,29/01/2022,29,1,2022,18,6,Weekend,,19,27,22,Razonablemente buena,GOOD,6-18
2022-01-29 19:00:00,29/01/2022,29,1,2022,19,6,Weekend,,49,100,17,Buena,GOOD,19-5
2022-01-29 20:00:00,29/01/2022,29,1,2022,20,6,Weekend,,64,203,34,Razonablemente buena,GOOD,19-5
2022-01-29 21:00:00,29/01/2022,29,1,2022,21,6,Weekend,,56,186,42,Regular,GOOD,19-5
2022-01-29 22:00:00,29/01/2022,29,1,2022,22,6,Weekend,,54,181,72,Desfavorable,BAD,19-5
2022-01-29 23:00:00,29/01/2022,29,1,2022,23,6,Weekend,,43,116,97,Desfavorable,BAD,19-5
2022-01-30 00:00:00,30/01/2022,30,1,2022,0,7,Weekend,,36,92,89,Desfavorable,BAD,19-5
2022-01-30 01:00:00,30/01/2022,30,1,2022,1,7,Weekend,,30,61,66,Desfavorable,BAD,19-5
2022-01-30 02:00:00,30/01/2022,30,1,2022,2,7,Weekend,,26,49,59,Desfavorable,BAD,19-5
2022-01-30 03:00:00,30/01/2022,30,1,2022,3,7,Weekend,,24,37,49,Regular,GOOD,19-5
2022-01-30 04:00:00,30/01/2022,30,1,2022,4,7,Weekend,,20,33,49,Regular,GOOD,19-5
2022-01-30 05:00:00,30/01/2022,30,1,2022,5,7,Weekend,,17,26,43,Regular,GOOD,19-5
2022-01-30 06:00:00,30/01/2022,30,1,2022,6,7,Weekend,,17,28,35,Razonablemente buena,GOOD,6-18
2022-01-30 07:00:00,30/01/2022,30,1,2022,7,7,Weekend,,16,27,39,Razonablemente buena,GOOD,6-18
2022-01-30 08:00:00,30/01/2022,30,1,2022,8,7,Weekend,,17,32,46,Regular,GOOD,6-18
2022-01-30 09:00:00,30/01/2022,30,1,2022,9,7,Weekend,,20,43,43,Regular,GOOD,6-18
2022-01-30 10:00:00,30/01/2022,30,1,2022,10,7,Weekend,,19,43,39,Razonablemente buena,GOOD,6-18
2022-01-30 11:00:00,30/01/2022,30,1,2022,11,7,Weekend,,18,35,41,Regular,GOOD,6-18
2022-01-30 12:00:00,30/01/2022,30,1,2022,12,7,Weekend,,17,32,35,Razonablemente buena,GOOD,6-18
2022-01-30 13:00:00,30/01/2022,30,1,2022,13,7,Weekend,,15,27,34,Razonablemente buena,GOOD,6-18
2022-01-30 14:00:00,30/01/2022,30,1,2022,14,7,Weekend,,14,25,35,Razonablemente buena,GOOD,6-18
2022-01-30 15:00:00,30/01/2022,30,1,2022,15,7,Weekend,,14,24,33,Razonablemente buena,GOOD,6-18
2022-01-30 16:00:00,30/01/2022,30,1,2022,16,7,Weekend,,15,25,30,Razonablemente buena,GOOD,6-18
2022-01-30 17:00:00,30/01/2022,30,1,2022,17,7,Weekend,,12,21,28,Razonablemente buena,GOOD,6-18
2022-01-30 18:00:00,30/01/2022,30,1,2022,18,7,Weekend,,22,33,27,Razonablemente buena,GOOD,6-18
2022-01-30 19:00:00,30/01/2022,30,1,2022,19,7,Weekend,,53,116,23,Razonablemente buena,GOOD,19-5
2022-01-30 20:00:00,30/01/2022,30,1,2022,20,7,Weekend,,61,189,38,Razonablemente buena,GOOD,19-5
2022-01-30 21:00:00,30/01/2022,30,1,2022,21,7,Weekend,,36,66,43,Regular,GOOD,19-5
2022-01-30 22:00:00,30/01/2022,30,1,2022,22,7,Weekend,,34,52,44,Regular,GOOD,19-5
2022-01-30 23:00:00,30/01/2022,30,1,2022,23,7,Weekend,,36,69,63,Desfavorable,BAD,19-5
2022-01-31 00:00:00,31/01/2022,31,1,2022,0,1,Weekday,,32,60,65,Desfavorable,BAD,19-5
2022-01-31 01:00:00,31/01/2022,31,1,2022,1,1,Weekday,,27,44,51,Desfavorable,BAD,19-5
2022-01-31 02:00:00,31/01/2022,31,1,2022,2,1,Weekday,,24,38,45,Regular,GOOD,19-5
2022-01-31 03:00:00,31/01/2022,31,1,2022,3,1,Weekday,,21,32,42,Regular,GOOD,19-5
2022-01-31 04:00:00,31/01/2022,31,1,2022,4,1,Weekday,,17,26,36,Razonablemente buena,GOOD,19-5
2022-01-31 05:00:00,31/01/2022,31,1,2022,5,1,Weekday,,17,27,33,Razonablemente buena,GOOD,19-5
2022-01-31 06:00:00,31/01/2022,31,1,2022,6,1,Weekday,,19,34,30,Razonablemente buena,GOOD,6-18
2022-01-31 07:00:00,31/01/2022,31,1,2022,7,1,Weekday,,21,44,43,Regular,GOOD,6-18
2022-01-31 08:00:00,31/01/2022,31,1,2022,8,1,Weekday,,27,92,52,Desfavorable,BAD,6-18
2022-01-31 09:00:00,31/01/2022,31,1,2022,9,1,Weekday,,30,124,36,Razonablemente buena,GOOD,6-18
2022-01-31 10:00:00,31/01/2022,31,1,2022,10,1,Weekday,,36,173,38,Razonablemente buena,GOOD,6-18
2022-01-31 11:00:00,31/01/2022,31,1,2022,11,1,Weekday,,32,103,34,Razonablemente buena,GOOD,6-18
2022-01-31 12:00:00,31/01/2022,31,1,2022,12,1,Weekday,,27,57,30,Razonablemente buena,GOOD,6-18
2022-01-31 13:00:00,31/01/2022,31,1,2022,13,1,Weekday,,21,38,28,Razonablemente buena,GOOD,6-18
2022-01-31 14:00:00,31/01/2022,31,1,2022,14,1,Weekday,,20,36,28,Razonablemente buena,GOOD,6-18
2022-01-31 15:00:00,31/01/2022,31,1,2022,15,1,Weekday,,18,33,26,Razonablemente buena,GOOD,6-18
2022-01-31 16:00:00,31/01/2022,31,1,2022,16,1,Weekday,,21,35,27,Razonablemente buena,GOOD,6-18
2022-01-31 17:00:00,31/01/2022,31,1,2022,17,1,Weekday,,19,33,26,Razonablemente buena,GOOD,6-18
2022-01-31 18:00:00,31/01/2022,31,1,2022,18,1,Weekday,,16,28,24,Razonablemente buena,GOOD,6-18
2022-01-31 19:00:00,31/01/2022,31,1,2022,19,1,Weekday,,35,54,19,Buena,GOOD,19-5
2022-01-31 20:00:00,31/01/2022,31,1,2022,20,1,Weekday,,31,46,19,Buena,GOOD,19-5
2022-01-31 21:00:00,31/01/2022,31,1,2022,21,1,Weekday,,24,36,18,Buena,GOOD,19-5
2022-01-31 22:00:00,31/01/2022,31,1,2022,22,1,Weekday,,24,37,18,Buena,GOOD,19-5
2022-01-31 23:00:00,31/01/2022,31,1,2022,23,1,Weekday,,35,54,21,Razonablemente buena,GOOD,19-5
